"Page type","Site recode ICD-O-3/WHO 2008","Age recode with <1 year olds","Summary stage 2000 (1998-2017)","Summary Interval","N","Median Cause-Spec","Cause-Spec","SE Cause-Spec","Cause-Spec Cum CI Lower","Cause-Spec Cum CI Upper"
Survival Summary Page,All Sites,50-54 years,In situ,60 mo,3971, ,98.760,0.178,98.358,99.064
Survival Summary Page,All Sites,50-54 years,Localized,60 mo,129964, ,92.990,0.072,92.848,93.128
Survival Summary Page,All Sites,50-54 years,Regional,60 mo,64872, ,72.320,0.178,71.970,72.667
Survival Summary Page,All Sites,50-54 years,Distant,60 mo,49121,14.00,24.587,0.200,24.196,24.979
Survival Summary Page,All Sites,50-54 years,Unknown/unstaged,60 mo,8024, ,61.269,0.559,60.164,62.353
Survival Summary Page,All Sites,50-54 years,Blank(s),60 mo,22917, ,60.548,0.330,59.897,61.192
Survival Summary Page,All Sites,60-64 years,In situ,60 mo,7285, ,97.674,0.180,97.293,98.002
Survival Summary Page,All Sites,60-64 years,Localized,60 mo,180511, ,92.155,0.064,92.028,92.280
Survival Summary Page,All Sites,60-64 years,Regional,60 mo,78828, ,67.439,0.170,67.105,67.772
Survival Summary Page,All Sites,60-64 years,Distant,60 mo,73516,11.00,19.947,0.153,19.648,20.249
Survival Summary Page,All Sites,60-64 years,Unknown/unstaged,60 mo,11586,85.00,53.340,0.480,52.395,54.275
Survival Summary Page,All Sites,60-64 years,Blank(s),60 mo,29592,92.00,54.028,0.299,53.440,54.613
Survival Summary Page,All Sites,70-74 years,In situ,60 mo,9362, ,94.916,0.238,94.429,95.362
Survival Summary Page,All Sites,70-74 years,Localized,60 mo,173242, ,88.706,0.078,88.552,88.858
Survival Summary Page,All Sites,70-74 years,Regional,60 mo,68996,104.00,56.600,0.196,56.215,56.983
Survival Summary Page,All Sites,70-74 years,Distant,60 mo,77839,8.00,15.662,0.139,15.390,15.936
Survival Summary Page,All Sites,70-74 years,Unknown/unstaged,60 mo,16012,38.00,45.562,0.418,44.740,46.380
Survival Summary Page,All Sites,70-74 years,Blank(s),60 mo,33640,37.00,44.610,0.287,44.048,45.171
Survival Summary Page,Oral Cavity and Pharynx,50-54 years,Localized,60 mo,1738, ,89.762,0.738,88.215,91.116
Survival Summary Page,Oral Cavity and Pharynx,50-54 years,Regional,60 mo,2080, ,66.057,1.061,63.931,68.091
Survival Summary Page,Oral Cavity and Pharynx,50-54 years,Distant,60 mo,610,27.00,37.346,2.026,33.380,41.306
Survival Summary Page,Oral Cavity and Pharynx,50-54 years,Unknown/unstaged,60 mo,191, ,71.239,3.342,64.098,77.214
Survival Summary Page,Oral Cavity and Pharynx,50-54 years,Blank(s),60 mo,4900, ,67.007,0.687,65.640,68.334
Survival Summary Page,Oral Cavity and Pharynx,60-64 years,Localized,60 mo,1852, ,87.802,0.777,86.189,89.240
Survival Summary Page,Oral Cavity and Pharynx,60-64 years,Regional,60 mo,2026,172.00,63.289,1.105,61.079,65.411
Survival Summary Page,Oral Cavity and Pharynx,60-64 years,Distant,60 mo,649,29.00,39.222,1.975,35.344,43.074
Survival Summary Page,Oral Cavity and Pharynx,60-64 years,Unknown/unstaged,60 mo,186, ,66.616,3.529,59.183,73.009
Survival Summary Page,Oral Cavity and Pharynx,60-64 years,Blank(s),60 mo,4463,149.00,60.903,0.756,59.402,62.367
Survival Summary Page,Oral Cavity and Pharynx,70-74 years,Localized,60 mo,1570, ,85.135,0.937,83.192,86.872
Survival Summary Page,Oral Cavity and Pharynx,70-74 years,Regional,60 mo,1268,81.00,54.191,1.476,51.251,57.033
Survival Summary Page,Oral Cavity and Pharynx,70-74 years,Distant,60 mo,424,21.00,32.515,2.435,27.796,37.312
Survival Summary Page,Oral Cavity and Pharynx,70-74 years,Unknown/unstaged,60 mo,199,157.00,59.780,3.654,52.237,66.522
Survival Summary Page,Oral Cavity and Pharynx,70-74 years,Blank(s),60 mo,2962,62.00,50.323,0.972,48.402,52.212
Survival Summary Page,Lip,50-54 years,Localized,60 mo,346, ,97.621,0.831,95.298,98.803
Survival Summary Page,Lip,50-54 years,Regional,60 mo,24, ,75.000,8.839,52.618,87.907
Survival Summary Page,Lip,50-54 years,Distant,60 mo,10,24.00,37.500,16.057,9.949,65.910
Survival Summary Page,Lip,50-54 years,Unknown/unstaged,60 mo,22, ,81.818,8.223,58.535,92.757
Survival Summary Page,Lip,60-64 years,Localized,60 mo,435, ,95.681,0.996,93.230,97.257
Survival Summary Page,Lip,60-64 years,Regional,60 mo,22, ,70.926,10.049,46.257,85.806
Survival Summary Page,Lip,60-64 years,Distant,60 mo,9,31.00,44.444,16.563,13.587,71.931
Survival Summary Page,Lip,60-64 years,Unknown/unstaged,60 mo,33, ,90.625,5.153,73.686,96.876
Survival Summary Page,Lip,70-74 years,Localized,60 mo,511, ,94.760,1.044,92.274,96.461
Survival Summary Page,Lip,70-74 years,Regional,60 mo,16,84.00,62.500,12.103,34.857,81.091
Survival Summary Page,Lip,70-74 years,Distant,60 mo,13,49.00,42.735,14.300,15.902,67.498
Survival Summary Page,Lip,70-74 years,Unknown/unstaged,60 mo,40, ,74.448,6.990,57.665,85.372
Survival Summary Page,Tongue,50-54 years,Localized,60 mo,776, ,83.369,1.360,80.506,85.850
Survival Summary Page,Tongue,50-54 years,Regional,60 mo,1495, ,68.804,1.218,66.346,71.123
Survival Summary Page,Tongue,50-54 years,Distant,60 mo,458,27.00,39.015,2.361,34.383,43.615
Survival Summary Page,Tongue,50-54 years,Unknown/unstaged,60 mo,100, ,65.872,4.831,55.486,74.389
Survival Summary Page,Tongue,60-64 years,Localized,60 mo,821, ,83.017,1.345,80.193,85.476
Survival Summary Page,Tongue,60-64 years,Regional,60 mo,1459, ,65.779,1.276,63.212,68.214
Survival Summary Page,Tongue,60-64 years,Distant,60 mo,460,38.00,43.097,2.370,38.415,47.685
Survival Summary Page,Tongue,60-64 years,Unknown/unstaged,60 mo,108, ,59.784,4.813,49.703,68.486
Survival Summary Page,Tongue,70-74 years,Localized,60 mo,618, ,78.050,1.737,74.415,81.236
Survival Summary Page,Tongue,70-74 years,Regional,60 mo,786,85.00,55.306,1.866,51.570,58.877
Survival Summary Page,Tongue,70-74 years,Distant,60 mo,257,15.00,28.827,3.070,22.966,34.934
Survival Summary Page,Tongue,70-74 years,Unknown/unstaged,60 mo,91,131.00,56.702,5.416,45.423,66.505
Survival Summary Page,Salivary Gland,50-54 years,Localized,60 mo,387, ,97.359,0.824,95.146,98.570
Survival Summary Page,Salivary Gland,50-54 years,Regional,60 mo,222, ,73.082,3.056,66.547,78.549
Survival Summary Page,Salivary Gland,50-54 years,Distant,60 mo,110,37.00,38.191,4.728,28.981,47.327
Survival Summary Page,Salivary Gland,50-54 years,Unknown/unstaged,60 mo,50, ,81.487,5.574,67.430,89.910
Survival Summary Page,Salivary Gland,60-64 years,Localized,60 mo,329, ,93.153,1.409,89.787,95.438
Survival Summary Page,Salivary Gland,60-64 years,Regional,60 mo,254, ,63.687,3.147,57.167,69.487
Survival Summary Page,Salivary Gland,60-64 years,Distant,60 mo,151,24.00,29.925,3.857,22.595,37.585
Survival Summary Page,Salivary Gland,60-64 years,Unknown/unstaged,60 mo,30, ,65.481,8.881,45.236,79.773
Survival Summary Page,Salivary Gland,70-74 years,Localized,60 mo,278, ,88.045,2.018,83.427,91.443
Survival Summary Page,Salivary Gland,70-74 years,Regional,60 mo,282,111.00,57.410,3.067,51.160,63.159
Survival Summary Page,Salivary Gland,70-74 years,Distant,60 mo,132,35.00,39.251,4.505,30.436,47.939
Survival Summary Page,Salivary Gland,70-74 years,Unknown/unstaged,60 mo,46,103.00,55.659,7.972,38.826,69.568
Survival Summary Page,Floor of Mouth,50-54 years,Localized,60 mo,229, ,86.521,2.292,81.283,90.379
Survival Summary Page,Floor of Mouth,50-54 years,Regional,60 mo,339,52.00,47.680,2.862,41.972,53.160
Survival Summary Page,Floor of Mouth,50-54 years,Distant,60 mo,32,12.00,11.060,5.886,2.913,25.384
Survival Summary Page,Floor of Mouth,50-54 years,Unknown/unstaged,60 mo,19,107.00,60.789,11.769,34.409,79.276
Survival Summary Page,Floor of Mouth,60-64 years,Localized,60 mo,267, ,82.906,2.354,77.705,86.996
Survival Summary Page,Floor of Mouth,60-64 years,Regional,60 mo,291,58.00,49.331,3.089,43.143,55.213
Survival Summary Page,Floor of Mouth,60-64 years,Distant,60 mo,29,10.00,22.134,8.633,8.179,40.319
Survival Summary Page,Floor of Mouth,60-64 years,Unknown/unstaged,60 mo,15, ,65.000,12.677,35.127,83.746
Survival Summary Page,Floor of Mouth,70-74 years,Localized,60 mo,163, ,76.434,3.507,68.691,82.505
Survival Summary Page,Floor of Mouth,70-74 years,Regional,60 mo,184,32.00,42.933,4.022,34.973,50.637
Survival Summary Page,Floor of Mouth,70-74 years,Distant,60 mo,22,9.00,27.273,9.495,11.116,46.373
Survival Summary Page,Floor of Mouth,70-74 years,Unknown/unstaged,60 mo,22,66.00,50.658,12.002,26.023,70.924
Survival Summary Page,Gum and Other Mouth,50-54 years,Blank(s),60 mo,912, ,66.498,1.602,63.251,69.530
Survival Summary Page,Gum and Other Mouth,60-64 years,Blank(s),60 mo,1103, ,65.465,1.485,62.466,68.287
Survival Summary Page,Gum and Other Mouth,70-74 years,Blank(s),60 mo,1053,133.00,60.584,1.576,57.418,63.593
Survival Summary Page,Nasopharynx,50-54 years,Blank(s),60 mo,670,151.00,61.656,1.917,57.779,65.290
Survival Summary Page,Nasopharynx,60-64 years,Blank(s),60 mo,501,115.00,56.931,2.274,52.344,61.248
Survival Summary Page,Nasopharynx,70-74 years,Blank(s),60 mo,293,49.00,47.397,3.094,41.223,53.312
Survival Summary Page,Tonsil,50-54 years,Blank(s),60 mo,2302, ,77.457,0.888,75.659,79.141
Survival Summary Page,Tonsil,60-64 years,Blank(s),60 mo,1631, ,71.459,1.151,69.133,73.645
Survival Summary Page,Tonsil,70-74 years,Blank(s),60 mo,679,87.00,55.108,2.000,51.098,58.929
Survival Summary Page,Oropharynx,50-54 years,Blank(s),60 mo,326,68.00,51.304,2.865,45.551,56.753
Survival Summary Page,Oropharynx,60-64 years,Blank(s),60 mo,366,71.00,51.577,2.766,46.024,56.842
Survival Summary Page,Oropharynx,70-74 years,Blank(s),60 mo,239,30.00,40.219,3.432,33.474,46.858
Survival Summary Page,Hypopharynx,50-54 years,Blank(s),60 mo,524,37.00,43.458,2.255,39.002,47.825
Survival Summary Page,Hypopharynx,60-64 years,Blank(s),60 mo,682,28.00,39.246,1.961,35.397,43.069
Survival Summary Page,Hypopharynx,70-74 years,Blank(s),60 mo,567,25.00,33.854,2.172,29.627,38.122
Survival Summary Page,Other Oral Cavity and Pharynx,50-54 years,Blank(s),60 mo,166,56.00,48.536,4.015,40.469,56.124
Survival Summary Page,Other Oral Cavity and Pharynx,60-64 years,Blank(s),60 mo,180,49.00,47.266,3.868,39.525,54.608
Survival Summary Page,Other Oral Cavity and Pharynx,70-74 years,Blank(s),60 mo,131,15.00,33.365,4.441,24.854,42.085
Survival Summary Page,Digestive System,50-54 years,Localized,60 mo,16763, ,84.254,0.286,83.684,84.806
Survival Summary Page,Digestive System,50-54 years,Regional,60 mo,15815,139.00,58.375,0.399,57.588,59.153
Survival Summary Page,Digestive System,50-54 years,Distant,60 mo,12795,10.00,11.386,0.291,10.823,11.965
Survival Summary Page,Digestive System,50-54 years,Unknown/unstaged,60 mo,2576,30.00,43.220,1.011,41.230,45.192
Survival Summary Page,Digestive System,50-54 years,Blank(s),60 mo,1856,22.00,31.683,1.118,29.503,33.884
Survival Summary Page,Digestive System,60-64 years,Localized,60 mo,19337, ,81.641,0.285,81.076,82.191
Survival Summary Page,Digestive System,60-64 years,Regional,60 mo,20317,83.00,53.936,0.359,53.230,54.636
Survival Summary Page,Digestive System,60-64 years,Distant,60 mo,16947,8.00,9.028,0.230,8.583,9.486
Survival Summary Page,Digestive System,60-64 years,Unknown/unstaged,60 mo,3263,16.00,32.894,0.866,31.201,34.596
Survival Summary Page,Digestive System,60-64 years,Blank(s),60 mo,3031,17.00,25.921,0.834,24.300,27.568
Survival Summary Page,Digestive System,70-74 years,Localized,60 mo,21983, ,78.026,0.290,77.451,78.588
Survival Summary Page,Digestive System,70-74 years,Regional,60 mo,22665,64.00,50.710,0.346,50.029,51.387
Survival Summary Page,Digestive System,70-74 years,Distant,60 mo,17505,6.00,6.609,0.201,6.223,7.010
Survival Summary Page,Digestive System,70-74 years,Unknown/unstaged,60 mo,4383,10.00,25.344,0.723,23.938,26.771
Survival Summary Page,Digestive System,70-74 years,Blank(s),60 mo,3786,13.00,20.924,0.704,19.561,22.320
Survival Summary Page,Esophagus,50-54 years,Localized,60 mo,451,132.00,53.524,2.429,48.645,58.151
Survival Summary Page,Esophagus,50-54 years,Regional,60 mo,866,18.00,26.403,1.557,23.400,29.494
Survival Summary Page,Esophagus,50-54 years,Distant,60 mo,1089,7.00,3.789,0.611,2.720,5.120
Survival Summary Page,Esophagus,50-54 years,Unknown/unstaged,60 mo,205,12.00,22.792,3.163,16.907,29.221
Survival Summary Page,Esophagus,60-64 years,Localized,60 mo,860,54.00,49.108,1.779,45.575,52.541
Survival Summary Page,Esophagus,60-64 years,Regional,60 mo,1338,18.00,25.425,1.243,23.023,27.890
Survival Summary Page,Esophagus,60-64 years,Distant,60 mo,1500,7.00,4.027,0.544,3.055,5.193
Survival Summary Page,Esophagus,60-64 years,Unknown/unstaged,60 mo,388,10.00,18.020,2.118,14.082,22.355
Survival Summary Page,Esophagus,70-74 years,Localized,60 mo,934,32.00,40.573,1.719,37.193,43.922
Survival Summary Page,Esophagus,70-74 years,Regional,60 mo,1200,14.00,18.495,1.202,16.202,20.909
Survival Summary Page,Esophagus,70-74 years,Distant,60 mo,1162,6.00,4.425,0.656,3.263,5.840
Survival Summary Page,Esophagus,70-74 years,Unknown/unstaged,60 mo,472,10.00,17.427,1.958,13.781,21.433
Survival Summary Page,Stomach,50-54 years,Localized,60 mo,754, ,80.257,1.487,77.149,82.990
Survival Summary Page,Stomach,50-54 years,Regional,60 mo,1238,27.00,33.763,1.382,31.065,36.478
Survival Summary Page,Stomach,50-54 years,Distant,60 mo,1545,7.00,5.347,0.611,4.236,6.634
Survival Summary Page,Stomach,50-54 years,Unknown/unstaged,60 mo,238,36.00,46.174,3.425,39.348,52.718
Survival Summary Page,Stomach,60-64 years,Localized,60 mo,1202, ,73.897,1.310,71.227,76.362
Survival Summary Page,Stomach,60-64 years,Regional,60 mo,1745,23.00,30.656,1.156,28.405,32.932
Survival Summary Page,Stomach,60-64 years,Distant,60 mo,1910,6.00,4.704,0.518,3.762,5.794
Survival Summary Page,Stomach,60-64 years,Unknown/unstaged,60 mo,329,17.00,36.011,2.810,30.534,41.507
Survival Summary Page,Stomach,70-74 years,Localized,60 mo,1580, ,68.544,1.232,66.060,70.889
Survival Summary Page,Stomach,70-74 years,Regional,60 mo,2165,19.00,26.671,1.015,24.701,28.677
Survival Summary Page,Stomach,70-74 years,Distant,60 mo,2115,5.00,4.338,0.485,3.457,5.361
Survival Summary Page,Stomach,70-74 years,Unknown/unstaged,60 mo,510,12.00,24.844,2.126,20.787,29.098
Survival Summary Page,Small Intestine,50-54 years,Localized,60 mo,364, ,93.132,1.353,89.926,95.344
Survival Summary Page,Small Intestine,50-54 years,Regional,60 mo,475, ,78.369,1.917,74.324,81.856
Survival Summary Page,Small Intestine,50-54 years,Distant,60 mo,337,72.00,52.849,2.785,47.244,58.136
Survival Summary Page,Small Intestine,50-54 years,Unknown/unstaged,60 mo,61, ,84.605,4.730,72.472,91.685
Survival Summary Page,Small Intestine,60-64 years,Localized,60 mo,404, ,86.924,1.729,83.103,89.933
Survival Summary Page,Small Intestine,60-64 years,Regional,60 mo,509, ,75.480,1.949,71.408,79.059
Survival Summary Page,Small Intestine,60-64 years,Distant,60 mo,399,39.00,44.913,2.535,39.888,49.801
Survival Summary Page,Small Intestine,60-64 years,Unknown/unstaged,60 mo,87, ,79.439,4.450,69.012,86.688
Survival Summary Page,Small Intestine,70-74 years,Localized,60 mo,409, ,83.302,1.932,79.111,86.723
Survival Summary Page,Small Intestine,70-74 years,Regional,60 mo,435, ,67.175,2.358,62.315,71.555
Survival Summary Page,Small Intestine,70-74 years,Distant,60 mo,364,23.00,33.537,2.571,28.548,38.591
Survival Summary Page,Small Intestine,70-74 years,Unknown/unstaged,60 mo,111,175.00,64.056,4.864,53.681,72.694
Survival Summary Page,Colon and Rectum,50-54 years,Localized,60 mo,11524, ,95.374,0.198,94.969,95.747
Survival Summary Page,Colon and Rectum,50-54 years,Regional,60 mo,9505, ,77.230,0.436,76.362,78.071
Survival Summary Page,Colon and Rectum,50-54 years,Distant,60 mo,5531,20.00,16.859,0.517,15.858,17.886
Survival Summary Page,Colon and Rectum,50-54 years,Unknown/unstaged,60 mo,894, ,72.523,1.523,69.407,75.379
Survival Summary Page,Colon and Rectum,60-64 years,Localized,60 mo,13346, ,93.453,0.219,93.011,93.868
Survival Summary Page,Colon and Rectum,60-64 years,Regional,60 mo,12059, ,73.436,0.411,72.620,74.233
Survival Summary Page,Colon and Rectum,60-64 years,Distant,60 mo,7044,17.00,14.169,0.431,13.336,15.026
Survival Summary Page,Colon and Rectum,60-64 years,Unknown/unstaged,60 mo,1053,120.00,58.572,1.589,55.387,61.613
Survival Summary Page,Colon and Rectum,70-74 years,Localized,60 mo,15795, ,89.920,0.249,89.420,90.398
Survival Summary Page,Colon and Rectum,70-74 years,Regional,60 mo,14272, ,69.008,0.404,68.208,69.792
Survival Summary Page,Colon and Rectum,70-74 years,Distant,60 mo,7234,11.00,10.372,0.382,9.639,11.135
Survival Summary Page,Colon and Rectum,70-74 years,Unknown/unstaged,60 mo,1398,54.00,48.284,1.485,45.344,51.159
Survival Summary Page,Colon excluding Rectum,50-54 years,Localized,60 mo,6320, ,96.076,0.247,95.561,96.532
Survival Summary Page,Colon excluding Rectum,50-54 years,Regional,60 mo,6157, ,77.791,0.537,76.717,78.823
Survival Summary Page,Colon excluding Rectum,50-54 years,Distant,60 mo,3893,19.00,16.975,0.619,15.781,18.206
Survival Summary Page,Colon excluding Rectum,50-54 years,Unknown/unstaged,60 mo,397,180.00,65.291,2.459,60.235,69.869
Survival Summary Page,Colon excluding Rectum,60-64 years,Localized,60 mo,8608, ,94.499,0.251,93.986,94.970
Survival Summary Page,Colon excluding Rectum,60-64 years,Regional,60 mo,8466, ,74.230,0.486,73.262,75.169
Survival Summary Page,Colon excluding Rectum,60-64 years,Distant,60 mo,5126,16.00,14.020,0.503,13.052,15.022
Survival Summary Page,Colon excluding Rectum,60-64 years,Unknown/unstaged,60 mo,588,86.00,53.401,2.178,49.038,57.563
Survival Summary Page,Colon excluding Rectum,70-74 years,Localized,60 mo,11232, ,91.160,0.278,90.599,91.690
Survival Summary Page,Colon excluding Rectum,70-74 years,Regional,60 mo,10903, ,70.320,0.457,69.415,71.205
Survival Summary Page,Colon excluding Rectum,70-74 years,Distant,60 mo,5512,10.00,10.060,0.430,9.237,10.923
Survival Summary Page,Colon excluding Rectum,70-74 years,Unknown/unstaged,60 mo,915,51.00,48.111,1.843,44.453,51.670
Survival Summary Page,Cecum,50-54 years,Localized,60 mo,872, ,95.301,0.726,93.648,96.531
Survival Summary Page,Cecum,50-54 years,Regional,60 mo,1192, ,73.495,1.298,70.850,75.941
Survival Summary Page,Cecum,50-54 years,Distant,60 mo,763,18.00,13.524,1.269,11.155,16.121
Survival Summary Page,Cecum,50-54 years,Unknown/unstaged,60 mo,22,72.00,52.500,10.896,29.778,70.982
Survival Summary Page,Cecum,60-64 years,Localized,60 mo,1508, ,94.983,0.573,93.730,95.991
Survival Summary Page,Cecum,60-64 years,Regional,60 mo,1911, ,69.867,1.071,67.710,71.911
Survival Summary Page,Cecum,60-64 years,Distant,60 mo,1208,16.00,12.597,0.992,10.732,14.617
Survival Summary Page,Cecum,60-64 years,Unknown/unstaged,60 mo,60,110.00,52.771,6.804,38.708,65.020
Survival Summary Page,Cecum,70-74 years,Localized,60 mo,2467, ,90.057,0.622,88.764,91.208
Survival Summary Page,Cecum,70-74 years,Regional,60 mo,2597, ,65.950,0.970,64.011,67.813
Survival Summary Page,Cecum,70-74 years,Distant,60 mo,1386,11.00,9.284,0.828,7.743,10.989
Survival Summary Page,Cecum,70-74 years,Unknown/unstaged,60 mo,101,80.00,50.333,5.999,38.108,61.355
Survival Summary Page,Appendix,50-54 years,Localized,60 mo,161, ,90.449,2.346,84.657,94.130
Survival Summary Page,Appendix,50-54 years,Regional,60 mo,168, ,74.092,3.448,66.601,80.154
Survival Summary Page,Appendix,50-54 years,Distant,60 mo,239,41.00,40.761,3.200,34.463,46.951
Survival Summary Page,Appendix,50-54 years,Unknown/unstaged,60 mo,15, ,86.667,8.777,56.391,96.488
Survival Summary Page,Appendix,60-64 years,Localized,60 mo,135, ,93.072,2.229,87.106,96.335
Survival Summary Page,Appendix,60-64 years,Regional,60 mo,138, ,76.213,3.736,67.916,82.637
Survival Summary Page,Appendix,60-64 years,Distant,60 mo,185,28.00,31.091,3.430,24.518,37.875
Survival Summary Page,Appendix,60-64 years,Unknown/unstaged,60 mo,13,133.00,74.592,12.788,39.760,91.104
Survival Summary Page,Appendix,70-74 years,Localized,60 mo,105, ,87.937,3.269,79.726,92.966
Survival Summary Page,Appendix,70-74 years,Regional,60 mo,76,104.00,65.288,5.786,52.688,75.300
Survival Summary Page,Appendix,70-74 years,Distant,60 mo,93,27.00,41.421,5.195,31.195,51.332
Survival Summary Page,Appendix,70-74 years,Unknown/unstaged,60 mo,9,89.00,88.889,10.476,43.297,98.356
Survival Summary Page,Ascending Colon,50-54 years,Localized,60 mo,776, ,94.545,0.829,92.663,95.954
Survival Summary Page,Ascending Colon,50-54 years,Regional,60 mo,900, ,77.643,1.409,74.733,80.262
Survival Summary Page,Ascending Colon,50-54 years,Distant,60 mo,492,16.00,10.876,1.458,8.228,13.934
Survival Summary Page,Ascending Colon,50-54 years,Unknown/unstaged,60 mo,28, ,58.413,9.624,37.521,74.464
Survival Summary Page,Ascending Colon,60-64 years,Localized,60 mo,1451, ,93.647,0.656,92.228,94.814
Survival Summary Page,Ascending Colon,60-64 years,Regional,60 mo,1549, ,73.256,1.152,70.922,75.437
Survival Summary Page,Ascending Colon,60-64 years,Distant,60 mo,693,13.00,8.918,1.123,6.876,11.277
Survival Summary Page,Ascending Colon,60-64 years,Unknown/unstaged,60 mo,43,158.00,60.430,7.761,43.594,73.670
Survival Summary Page,Ascending Colon,70-74 years,Localized,60 mo,2259, ,91.288,0.617,89.995,92.420
Survival Summary Page,Ascending Colon,70-74 years,Regional,60 mo,2263, ,71.881,0.980,69.907,73.750
Survival Summary Page,Ascending Colon,70-74 years,Distant,60 mo,862,9.00,7.590,0.970,5.835,9.635
Survival Summary Page,Ascending Colon,70-74 years,Unknown/unstaged,60 mo,105,91.00,55.466,5.650,43.735,65.702
Survival Summary Page,Hepatic Flexure,50-54 years,Localized,60 mo,209, ,95.064,1.522,91.020,97.314
Survival Summary Page,Hepatic Flexure,50-54 years,Regional,60 mo,271, ,71.466,2.788,65.585,76.525
Survival Summary Page,Hepatic Flexure,50-54 years,Distant,60 mo,165,11.00,12.437,2.705,7.749,18.288
Survival Summary Page,Hepatic Flexure,50-54 years,Unknown/unstaged,60 mo,13, ,81.818,11.629,44.743,95.116
Survival Summary Page,Hepatic Flexure,60-64 years,Localized,60 mo,376, ,93.422,1.298,90.345,95.543
Survival Summary Page,Hepatic Flexure,60-64 years,Regional,60 mo,469, ,70.420,2.150,65.972,74.403
Survival Summary Page,Hepatic Flexure,60-64 years,Distant,60 mo,215,11.00,12.843,2.361,8.662,17.873
Survival Summary Page,Hepatic Flexure,60-64 years,Unknown/unstaged,60 mo,15, ,69.264,12.937,36.969,87.325
Survival Summary Page,Hepatic Flexure,70-74 years,Localized,60 mo,569, ,90.223,1.279,87.391,92.447
Survival Summary Page,Hepatic Flexure,70-74 years,Regional,60 mo,676, ,72.123,1.782,68.454,75.443
Survival Summary Page,Hepatic Flexure,70-74 years,Distant,60 mo,243,10.00,9.944,2.060,6.378,14.430
Survival Summary Page,Hepatic Flexure,70-74 years,Unknown/unstaged,60 mo,44,44.00,46.475,8.899,28.635,62.530
Survival Summary Page,Transverse Colon,50-54 years,Localized,60 mo,448, ,95.183,1.026,92.706,96.833
Survival Summary Page,Transverse Colon,50-54 years,Regional,60 mo,511, ,78.134,1.862,74.218,81.531
Survival Summary Page,Transverse Colon,50-54 years,Distant,60 mo,283,17.00,15.151,2.196,11.151,19.722
Survival Summary Page,Transverse Colon,50-54 years,Unknown/unstaged,60 mo,18,82.00,58.667,12.066,32.122,77.846
Survival Summary Page,Transverse Colon,60-64 years,Localized,60 mo,662, ,94.180,0.929,92.055,95.750
Survival Summary Page,Transverse Colon,60-64 years,Regional,60 mo,728, ,76.786,1.607,73.454,79.759
Survival Summary Page,Transverse Colon,60-64 years,Distant,60 mo,384,16.00,13.580,1.802,10.286,17.330
Survival Summary Page,Transverse Colon,60-64 years,Unknown/unstaged,60 mo,28, ,74.405,9.232,51.017,87.820
Survival Summary Page,Transverse Colon,70-74 years,Localized,60 mo,1002, ,92.292,0.882,90.365,93.847
Survival Summary Page,Transverse Colon,70-74 years,Regional,60 mo,1131, ,70.939,1.413,68.065,73.607
Survival Summary Page,Transverse Colon,70-74 years,Distant,60 mo,379,10.00,9.327,1.574,6.539,12.701
Survival Summary Page,Transverse Colon,70-74 years,Unknown/unstaged,60 mo,69,76.00,52.786,6.872,38.576,65.144
Survival Summary Page,Splenic Flexure,50-54 years,Localized,60 mo,202, ,93.881,1.712,89.473,96.479
Survival Summary Page,Splenic Flexure,50-54 years,Regional,60 mo,278, ,76.723,2.572,71.210,81.320
Survival Summary Page,Splenic Flexure,50-54 years,Distant,60 mo,155,21.00,22.391,3.446,16.030,29.426
Survival Summary Page,Splenic Flexure,50-54 years,Unknown/unstaged,60 mo,7, ,60.000,21.909,12.573,88.176
Survival Summary Page,Splenic Flexure,60-64 years,Localized,60 mo,289, ,94.629,1.350,91.245,96.728
Survival Summary Page,Splenic Flexure,60-64 years,Regional,60 mo,399, ,70.734,2.330,65.887,75.027
Survival Summary Page,Splenic Flexure,60-64 years,Distant,60 mo,182,17.00,18.621,3.014,13.133,24.862
Survival Summary Page,Splenic Flexure,60-64 years,Unknown/unstaged,60 mo,10,66.00,56.000,17.065,19.707,81.303
Survival Summary Page,Splenic Flexure,70-74 years,Localized,60 mo,335, ,87.879,1.877,83.641,91.078
Survival Summary Page,Splenic Flexure,70-74 years,Regional,60 mo,458, ,67.767,2.271,63.086,71.989
Survival Summary Page,Splenic Flexure,70-74 years,Distant,60 mo,191,9.00,9.773,2.253,5.935,14.735
Survival Summary Page,Splenic Flexure,70-74 years,Unknown/unstaged,60 mo,16,78.00,53.005,13.088,25.650,74.367
Survival Summary Page,Descending Colon,50-54 years,Localized,60 mo,438, ,96.013,0.948,93.663,97.503
Survival Summary Page,Descending Colon,50-54 years,Regional,60 mo,461, ,78.500,1.947,74.386,82.034
Survival Summary Page,Descending Colon,50-54 years,Distant,60 mo,226,21.00,18.200,2.657,13.327,23.685
Survival Summary Page,Descending Colon,50-54 years,Unknown/unstaged,60 mo,23,82.00,71.680,9.872,47.283,86.242
Survival Summary Page,Descending Colon,60-64 years,Localized,60 mo,577, ,92.980,1.085,90.515,94.823
Survival Summary Page,Descending Colon,60-64 years,Regional,60 mo,588, ,75.029,1.832,71.222,78.410
Survival Summary Page,Descending Colon,60-64 years,Distant,60 mo,262,20.00,19.692,2.520,15.013,24.845
Survival Summary Page,Descending Colon,60-64 years,Unknown/unstaged,60 mo,29, ,75.862,8.635,53.823,88.409
Survival Summary Page,Descending Colon,70-74 years,Localized,60 mo,651, ,87.949,1.336,85.050,90.318
Survival Summary Page,Descending Colon,70-74 years,Regional,60 mo,683, ,74.153,1.757,70.519,77.413
Survival Summary Page,Descending Colon,70-74 years,Distant,60 mo,281,12.00,9.955,1.917,6.607,14.100
Survival Summary Page,Descending Colon,70-74 years,Unknown/unstaged,60 mo,52,123.00,60.811,7.661,44.170,73.877
Survival Summary Page,Sigmoid Colon,50-54 years,Localized,60 mo,3122, ,97.416,0.287,96.789,97.922
Survival Summary Page,Sigmoid Colon,50-54 years,Regional,60 mo,2249, ,82.059,0.818,80.390,83.600
Survival Summary Page,Sigmoid Colon,50-54 years,Distant,60 mo,1236,25.00,18.995,1.141,16.813,21.281
Survival Summary Page,Sigmoid Colon,50-54 years,Unknown/unstaged,60 mo,114, ,73.507,4.226,64.155,80.781
Survival Summary Page,Sigmoid Colon,60-64 years,Localized,60 mo,3461, ,95.099,0.375,94.309,95.782
Survival Summary Page,Sigmoid Colon,60-64 years,Regional,60 mo,2524, ,78.858,0.832,77.172,80.435
Survival Summary Page,Sigmoid Colon,60-64 years,Distant,60 mo,1525,21.00,16.908,0.996,15.008,18.907
Survival Summary Page,Sigmoid Colon,60-64 years,Unknown/unstaged,60 mo,146, ,62.012,4.264,53.071,69.740
Survival Summary Page,Sigmoid Colon,70-74 years,Localized,60 mo,3669, ,92.785,0.443,91.864,93.605
Survival Summary Page,Sigmoid Colon,70-74 years,Regional,60 mo,2796, ,72.579,0.885,70.799,74.270
Survival Summary Page,Sigmoid Colon,70-74 years,Distant,60 mo,1465,15.00,13.175,0.936,11.407,15.072
Survival Summary Page,Sigmoid Colon,70-74 years,Unknown/unstaged,60 mo,195,111.00,58.094,4.064,49.706,65.577
Survival Summary Page,"Large Intestine, NOS",50-54 years,Localized,60 mo,92, ,92.154,2.848,84.243,96.182
Survival Summary Page,"Large Intestine, NOS",50-54 years,Regional,60 mo,127,145.00,59.803,4.406,50.620,67.825
Survival Summary Page,"Large Intestine, NOS",50-54 years,Distant,60 mo,334,11.00,8.876,1.673,5.956,12.503
Survival Summary Page,"Large Intestine, NOS",50-54 years,Unknown/unstaged,60 mo,157,84.00,59.171,4.005,50.882,66.529
Survival Summary Page,"Large Intestine, NOS",60-64 years,Localized,60 mo,149, ,94.997,1.843,89.791,97.584
Survival Summary Page,"Large Intestine, NOS",60-64 years,Regional,60 mo,160, ,66.315,3.861,58.142,73.262
Survival Summary Page,"Large Intestine, NOS",60-64 years,Distant,60 mo,472,6.00,4.573,1.029,2.846,6.898
Survival Summary Page,"Large Intestine, NOS",60-64 years,Unknown/unstaged,60 mo,244,40.00,41.069,3.285,34.598,47.417
Survival Summary Page,"Large Intestine, NOS",70-74 years,Localized,60 mo,175, ,87.599,2.602,81.421,91.825
Survival Summary Page,"Large Intestine, NOS",70-74 years,Regional,60 mo,223, ,63.773,3.339,56.829,69.902
Survival Summary Page,"Large Intestine, NOS",70-74 years,Distant,60 mo,612,4.00,3.122,0.756,1.877,4.866
Survival Summary Page,"Large Intestine, NOS",70-74 years,Unknown/unstaged,60 mo,324,24.00,36.468,2.812,30.982,41.963
Survival Summary Page,Rectum and Rectosigmoid Junction,50-54 years,Localized,60 mo,5204, ,94.523,0.319,93.861,95.115
Survival Summary Page,Rectum and Rectosigmoid Junction,50-54 years,Regional,60 mo,3348, ,76.211,0.745,74.713,77.633
Survival Summary Page,Rectum and Rectosigmoid Junction,50-54 years,Distant,60 mo,1638,22.00,16.596,0.943,14.795,18.488
Survival Summary Page,Rectum and Rectosigmoid Junction,50-54 years,Unknown/unstaged,60 mo,497, ,78.150,1.878,74.198,81.573
Survival Summary Page,Rectum and Rectosigmoid Junction,60-64 years,Localized,60 mo,4738, ,91.562,0.412,90.717,92.334
Survival Summary Page,Rectum and Rectosigmoid Junction,60-64 years,Regional,60 mo,3593, ,71.583,0.769,70.045,73.059
Survival Summary Page,Rectum and Rectosigmoid Junction,60-64 years,Distant,60 mo,1918,20.00,14.565,0.838,12.967,16.251
Survival Summary Page,Rectum and Rectosigmoid Junction,60-64 years,Unknown/unstaged,60 mo,465, ,64.870,2.290,60.182,69.153
Survival Summary Page,Rectum and Rectosigmoid Junction,70-74 years,Localized,60 mo,4563, ,86.851,0.523,85.788,87.841
Survival Summary Page,Rectum and Rectosigmoid Junction,70-74 years,Regional,60 mo,3369,170.00,64.803,0.860,63.088,66.460
Survival Summary Page,Rectum and Rectosigmoid Junction,70-74 years,Distant,60 mo,1722,13.00,11.357,0.821,9.811,13.026
Survival Summary Page,Rectum and Rectosigmoid Junction,70-74 years,Unknown/unstaged,60 mo,483,54.00,48.693,2.504,43.700,53.496
Survival Summary Page,Rectosigmoid Junction,50-54 years,Localized,60 mo,999, ,96.006,0.627,94.574,97.066
Survival Summary Page,Rectosigmoid Junction,50-54 years,Regional,60 mo,1058, ,78.386,1.277,75.758,80.766
Survival Summary Page,Rectosigmoid Junction,50-54 years,Distant,60 mo,527,22.00,17.232,1.687,14.070,20.666
Survival Summary Page,Rectosigmoid Junction,50-54 years,Unknown/unstaged,60 mo,57,112.00,66.849,6.410,52.612,77.682
Survival Summary Page,Rectosigmoid Junction,60-64 years,Localized,60 mo,1074, ,92.931,0.804,91.175,94.348
Survival Summary Page,Rectosigmoid Junction,60-64 years,Regional,60 mo,1151, ,74.429,1.314,71.746,76.900
Survival Summary Page,Rectosigmoid Junction,60-64 years,Distant,60 mo,652,22.00,17.343,1.532,14.458,20.451
Survival Summary Page,Rectosigmoid Junction,60-64 years,Unknown/unstaged,60 mo,66,72.00,51.780,6.368,38.704,63.360
Survival Summary Page,Rectosigmoid Junction,70-74 years,Localized,60 mo,1134, ,88.610,0.981,86.528,90.389
Survival Summary Page,Rectosigmoid Junction,70-74 years,Regional,60 mo,1149, ,69.833,1.414,66.964,72.506
Survival Summary Page,Rectosigmoid Junction,70-74 years,Distant,60 mo,621,15.00,13.386,1.468,10.669,16.413
Survival Summary Page,Rectosigmoid Junction,70-74 years,Unknown/unstaged,60 mo,79,32.00,38.656,6.063,26.889,50.267
Survival Summary Page,Rectum,50-54 years,Localized,60 mo,4205, ,94.169,0.366,93.407,94.846
Survival Summary Page,Rectum,50-54 years,Regional,60 mo,2290, ,75.196,0.915,73.350,76.936
Survival Summary Page,Rectum,50-54 years,Distant,60 mo,1111,22.00,16.286,1.136,14.130,18.580
Survival Summary Page,Rectum,50-54 years,Unknown/unstaged,60 mo,440, ,79.572,1.944,75.444,83.085
Survival Summary Page,Rectum,60-64 years,Localized,60 mo,3664, ,91.166,0.477,90.182,92.055
Survival Summary Page,Rectum,60-64 years,Regional,60 mo,2442, ,70.245,0.945,68.347,72.053
Survival Summary Page,Rectum,60-64 years,Distant,60 mo,1266,19.00,13.105,0.992,11.236,15.120
Survival Summary Page,Rectum,60-64 years,Unknown/unstaged,60 mo,399, ,67.041,2.433,62.019,71.555
Survival Summary Page,Rectum,70-74 years,Localized,60 mo,3429, ,86.261,0.616,85.004,87.421
Survival Summary Page,Rectum,70-74 years,Regional,60 mo,2220,123.00,62.192,1.077,60.042,64.263
Survival Summary Page,Rectum,70-74 years,Distant,60 mo,1101,12.00,10.210,0.979,8.393,12.228
Survival Summary Page,Rectum,70-74 years,Unknown/unstaged,60 mo,404,66.00,50.624,2.738,45.138,55.845
Survival Summary Page,"Anus, Anal Canal and Anorectum",50-54 years,Localized,60 mo,705, ,87.207,1.282,84.454,89.503
Survival Summary Page,"Anus, Anal Canal and Anorectum",50-54 years,Regional,60 mo,445, ,70.938,2.195,66.387,74.993
Survival Summary Page,"Anus, Anal Canal and Anorectum",50-54 years,Distant,60 mo,188,34.00,34.748,3.525,27.920,41.654
Survival Summary Page,"Anus, Anal Canal and Anorectum",50-54 years,Unknown/unstaged,60 mo,108, ,69.740,4.551,59.814,77.667
Survival Summary Page,"Anus, Anal Canal and Anorectum",60-64 years,Localized,60 mo,544, ,86.964,1.476,83.758,89.576
Survival Summary Page,"Anus, Anal Canal and Anorectum",60-64 years,Regional,60 mo,409, ,66.952,2.380,62.047,71.374
Survival Summary Page,"Anus, Anal Canal and Anorectum",60-64 years,Distant,60 mo,143,21.00,34.314,4.047,26.509,42.243
Survival Summary Page,"Anus, Anal Canal and Anorectum",60-64 years,Unknown/unstaged,60 mo,78, ,71.903,5.212,60.205,80.700
Survival Summary Page,"Anus, Anal Canal and Anorectum",70-74 years,Localized,60 mo,429, ,80.832,1.972,76.613,84.369
Survival Summary Page,"Anus, Anal Canal and Anorectum",70-74 years,Regional,60 mo,246, ,58.939,3.322,52.125,65.118
Survival Summary Page,"Anus, Anal Canal and Anorectum",70-74 years,Distant,60 mo,119,20.00,25.604,4.261,17.712,34.219
Survival Summary Page,"Anus, Anal Canal and Anorectum",70-74 years,Unknown/unstaged,60 mo,84,115.00,61.595,5.797,49.210,71.808
Survival Summary Page,Liver and Intrahepatic Bile Duct,50-54 years,Localized,60 mo,2650,34.00,40.816,1.021,38.810,42.810
Survival Summary Page,Liver and Intrahepatic Bile Duct,50-54 years,Regional,60 mo,1758,7.00,13.720,0.897,12.019,15.533
Survival Summary Page,Liver and Intrahepatic Bile Duct,50-54 years,Distant,60 mo,1076,3.00,2.983,0.598,1.968,4.328
Survival Summary Page,Liver and Intrahepatic Bile Duct,50-54 years,Unknown/unstaged,60 mo,777,6.00,13.950,1.353,11.426,16.723
Survival Summary Page,Liver and Intrahepatic Bile Duct,60-64 years,Localized,60 mo,2446,29.00,37.235,1.046,35.186,39.284
Survival Summary Page,Liver and Intrahepatic Bile Duct,60-64 years,Regional,60 mo,1644,8.00,13.106,0.919,11.369,14.967
Survival Summary Page,Liver and Intrahepatic Bile Duct,60-64 years,Distant,60 mo,1115,3.00,1.409,0.394,0.785,2.358
Survival Summary Page,Liver and Intrahepatic Bile Duct,60-64 years,Unknown/unstaged,60 mo,747,5.00,10.209,1.215,7.986,12.742
Survival Summary Page,Liver and Intrahepatic Bile Duct,70-74 years,Localized,60 mo,2056,17.00,25.454,1.051,23.419,27.534
Survival Summary Page,Liver and Intrahepatic Bile Duct,70-74 years,Regional,60 mo,1398,6.00,6.584,0.735,5.241,8.125
Survival Summary Page,Liver and Intrahepatic Bile Duct,70-74 years,Distant,60 mo,956,3.00,1.653,0.463,0.919,2.764
Survival Summary Page,Liver and Intrahepatic Bile Duct,70-74 years,Unknown/unstaged,60 mo,824,4.00,6.511,0.985,4.760,8.624
Survival Summary Page,Liver,50-54 years,Localized,60 mo,2578,34.00,41.107,1.037,39.070,43.132
Survival Summary Page,Liver,50-54 years,Regional,60 mo,1664,7.00,13.973,0.930,12.209,15.854
Survival Summary Page,Liver,50-54 years,Distant,60 mo,973,3.00,3.150,0.645,2.059,4.601
Survival Summary Page,Liver,50-54 years,Unknown/unstaged,60 mo,751,6.00,14.086,1.383,11.508,16.918
Survival Summary Page,Liver,60-64 years,Localized,60 mo,2372,30.00,37.505,1.064,35.419,39.588
Survival Summary Page,Liver,60-64 years,Regional,60 mo,1490,7.00,13.427,0.979,11.579,15.413
Survival Summary Page,Liver,60-64 years,Distant,60 mo,977,3.00,1.476,0.432,0.799,2.523
Survival Summary Page,Liver,60-64 years,Unknown/unstaged,60 mo,688,5.00,9.958,1.259,7.666,12.594
Survival Summary Page,Liver,70-74 years,Localized,60 mo,1914,18.00,25.817,1.093,23.699,27.981
Survival Summary Page,Liver,70-74 years,Regional,60 mo,1257,6.00,6.792,0.791,5.352,8.454
Survival Summary Page,Liver,70-74 years,Distant,60 mo,792,3.00,1.720,0.526,0.903,3.002
Survival Summary Page,Liver,70-74 years,Unknown/unstaged,60 mo,721,4.00,6.930,1.080,5.014,9.249
Survival Summary Page,Intrahepatic Bile Duct,50-54 years,Localized,60 mo,72,26.00,31.030,5.727,20.309,42.357
Survival Summary Page,Intrahepatic Bile Duct,50-54 years,Regional,60 mo,94,10.00,9.579,3.298,4.383,17.220
Survival Summary Page,Intrahepatic Bile Duct,50-54 years,Distant,60 mo,103,4.00,1.622,1.469,0.176,6.863
Survival Summary Page,Intrahepatic Bile Duct,50-54 years,Unknown/unstaged,60 mo,26,6.00,9.846,6.412,1.795,26.273
Survival Summary Page,Intrahepatic Bile Duct,60-64 years,Localized,60 mo,74,21.00,29.088,5.544,18.805,40.152
Survival Summary Page,Intrahepatic Bile Duct,60-64 years,Regional,60 mo,154,9.00,10.508,2.611,6.102,16.282
Survival Summary Page,Intrahepatic Bile Duct,60-64 years,Distant,60 mo,138,5.00,0.962,0.934,0.092,4.584
Survival Summary Page,Intrahepatic Bile Duct,60-64 years,Unknown/unstaged,60 mo,59,5.00,12.748,4.576,5.511,23.136
Survival Summary Page,Intrahepatic Bile Duct,70-74 years,Localized,60 mo,142,12.00,20.406,3.744,13.630,28.154
Survival Summary Page,Intrahepatic Bile Duct,70-74 years,Regional,60 mo,141,7.00,4.795,1.898,1.982,9.508
Survival Summary Page,Intrahepatic Bile Duct,70-74 years,Distant,60 mo,164,4.00,1.349,0.946,0.267,4.378
Survival Summary Page,Intrahepatic Bile Duct,70-74 years,Unknown/unstaged,60 mo,103,5.00,3.297,2.141,0.705,9.538
Survival Summary Page,Gallbladder,50-54 years,Blank(s),60 mo,425,11.00,22.333,2.098,18.359,26.558
Survival Summary Page,Gallbladder,60-64 years,Blank(s),60 mo,775,11.00,19.606,1.500,16.756,22.625
Survival Summary Page,Gallbladder,70-74 years,Blank(s),60 mo,993,9.00,18.727,1.317,16.221,21.377
Survival Summary Page,Other Biliary,50-54 years,Blank(s),60 mo,658,19.00,28.005,1.830,24.474,31.635
Survival Summary Page,Other Biliary,60-64 years,Blank(s),60 mo,1126,16.00,21.553,1.298,19.065,24.145
Survival Summary Page,Other Biliary,70-74 years,Blank(s),60 mo,1500,11.00,19.331,1.094,17.234,21.520
Survival Summary Page,Pancreas,50-54 years,Localized,60 mo,315,53.00,48.130,2.875,42.391,53.630
Survival Summary Page,Pancreas,50-54 years,Regional,60 mo,1528,15.00,14.518,0.929,12.754,16.392
Survival Summary Page,Pancreas,50-54 years,Distant,60 mo,3029,5.00,3.722,0.358,3.065,4.471
Survival Summary Page,Pancreas,50-54 years,Unknown/unstaged,60 mo,293,8.00,18.120,2.358,13.762,22.966
Survival Summary Page,Pancreas,60-64 years,Localized,60 mo,535,21.00,33.254,2.103,29.165,37.389
Survival Summary Page,Pancreas,60-64 years,Regional,60 mo,2613,13.00,10.168,0.616,9.001,11.417
Survival Summary Page,Pancreas,60-64 years,Distant,60 mo,4836,4.00,2.475,0.237,2.042,2.972
Survival Summary Page,Pancreas,60-64 years,Unknown/unstaged,60 mo,581,6.00,8.903,1.273,6.615,11.598
Survival Summary Page,Pancreas,70-74 years,Localized,60 mo,780,12.00,22.116,1.580,19.098,25.280
Survival Summary Page,Pancreas,70-74 years,Regional,60 mo,2949,10.00,8.353,0.543,7.329,9.459
Survival Summary Page,Pancreas,70-74 years,Distant,60 mo,5555,3.00,1.615,0.183,1.286,2.004
Survival Summary Page,Pancreas,70-74 years,Unknown/unstaged,60 mo,984,5.00,5.802,0.821,4.335,7.557
Survival Summary Page,Retroperitoneum,50-54 years,Blank(s),60 mo,248,111.00,63.820,3.108,57.380,69.551
Survival Summary Page,Retroperitoneum,60-64 years,Blank(s),60 mo,265,82.00,54.709,3.178,48.266,60.689
Survival Summary Page,Retroperitoneum,70-74 years,Blank(s),60 mo,245,31.00,41.228,3.291,34.744,47.585
Survival Summary Page,"Peritoneum, Omentum and Mesentery",50-54 years,Blank(s),60 mo,283,47.00,39.573,2.957,33.768,45.314
Survival Summary Page,"Peritoneum, Omentum and Mesentery",60-64 years,Blank(s),60 mo,545,37.00,36.131,2.125,31.980,40.291
Survival Summary Page,"Peritoneum, Omentum and Mesentery",70-74 years,Blank(s),60 mo,668,30.00,25.382,1.764,21.995,28.896
Survival Summary Page,Other Digestive Organs,50-54 years,Blank(s),60 mo,242,8.00,14.298,2.428,9.946,19.414
Survival Summary Page,Other Digestive Organs,60-64 years,Blank(s),60 mo,320,5.00,14.048,2.052,10.323,18.335
Survival Summary Page,Other Digestive Organs,70-74 years,Blank(s),60 mo,380,3.00,12.386,1.834,9.072,16.241
Survival Summary Page,Respiratory System,50-54 years,Localized,60 mo,4360, ,75.150,0.670,73.808,76.435
Survival Summary Page,Respiratory System,50-54 years,Regional,60 mo,6655,28.00,34.571,0.602,33.392,35.753
Survival Summary Page,Respiratory System,50-54 years,Distant,60 mo,16108,8.00,7.099,0.211,6.693,7.521
Survival Summary Page,Respiratory System,50-54 years,Unknown/unstaged,60 mo,892,18.00,27.681,1.581,24.626,30.813
Survival Summary Page,Respiratory System,50-54 years,Blank(s),60 mo,531,121.00,59.286,2.188,54.860,63.430
Survival Summary Page,Respiratory System,60-64 years,Localized,60 mo,9534,170.00,68.139,0.495,67.158,69.098
Survival Summary Page,Respiratory System,60-64 years,Regional,60 mo,12834,25.00,32.617,0.433,31.770,33.466
Survival Summary Page,Respiratory System,60-64 years,Distant,60 mo,29926,7.00,5.861,0.145,5.581,6.150
Survival Summary Page,Respiratory System,60-64 years,Unknown/unstaged,60 mo,2234,12.00,19.330,0.890,17.617,21.104
Survival Summary Page,Respiratory System,60-64 years,Blank(s),60 mo,569,129.00,57.739,2.134,53.437,61.794
Survival Summary Page,Respiratory System,70-74 years,Localized,60 mo,12474,98.00,58.747,0.468,57.823,59.659
Survival Summary Page,Respiratory System,70-74 years,Regional,60 mo,15328,19.00,25.617,0.379,24.876,26.363
Survival Summary Page,Respiratory System,70-74 years,Distant,60 mo,34071,5.00,4.097,0.120,3.867,4.336
Survival Summary Page,Respiratory System,70-74 years,Unknown/unstaged,60 mo,3775,9.00,12.878,0.609,11.713,14.100
Survival Summary Page,Respiratory System,70-74 years,Blank(s),60 mo,524,72.00,52.215,2.282,47.647,56.577
Survival Summary Page,"Nose, Nasal Cavity and Middle Ear",50-54 years,Blank(s),60 mo,437,159.00,62.432,2.378,57.581,66.894
Survival Summary Page,"Nose, Nasal Cavity and Middle Ear",60-64 years,Blank(s),60 mo,481,165.00,60.485,2.295,55.827,64.814
Survival Summary Page,"Nose, Nasal Cavity and Middle Ear",70-74 years,Blank(s),60 mo,446,92.00,56.016,2.442,51.089,60.648
Survival Summary Page,Larynx,50-54 years,Localized,60 mo,1371, ,83.977,1.015,81.873,85.858
Survival Summary Page,Larynx,50-54 years,Regional,60 mo,673,61.00,50.177,2.018,46.157,54.057
Survival Summary Page,Larynx,50-54 years,Distant,60 mo,551,40.00,43.734,2.186,39.415,47.967
Survival Summary Page,Larynx,50-54 years,Unknown/unstaged,60 mo,105,141.00,57.424,5.025,46.968,66.553
Survival Summary Page,Larynx,60-64 years,Localized,60 mo,2142, ,79.873,0.899,78.043,81.570
Survival Summary Page,Larynx,60-64 years,Regional,60 mo,833,80.00,54.563,1.814,50.936,58.040
Survival Summary Page,Larynx,60-64 years,Distant,60 mo,708,36.00,42.738,1.966,38.860,46.555
Survival Summary Page,Larynx,60-64 years,Unknown/unstaged,60 mo,164,168.00,68.642,3.776,60.584,75.389
Survival Summary Page,Larynx,70-74 years,Localized,60 mo,1955, ,77.773,0.983,75.773,79.630
Survival Summary Page,Larynx,70-74 years,Regional,60 mo,482,35.00,39.801,2.442,35.004,44.551
Survival Summary Page,Larynx,70-74 years,Distant,60 mo,433,21.00,33.669,2.513,28.789,38.609
Survival Summary Page,Larynx,70-74 years,Unknown/unstaged,60 mo,145,129.00,55.989,4.346,47.049,64.006
Survival Summary Page,Lung and Bronchus,50-54 years,Localized,60 mo,2989, ,71.092,0.849,69.389,72.719
Survival Summary Page,Lung and Bronchus,50-54 years,Regional,60 mo,5982,26.00,32.860,0.626,31.634,34.090
Survival Summary Page,Lung and Bronchus,50-54 years,Distant,60 mo,15557,8.00,5.795,0.196,5.419,6.187
Survival Summary Page,Lung and Bronchus,50-54 years,Unknown/unstaged,60 mo,787,15.00,23.556,1.601,20.489,26.752
Survival Summary Page,Lung and Bronchus,60-64 years,Localized,60 mo,7392,140.00,64.722,0.577,63.578,65.840
Survival Summary Page,Lung and Bronchus,60-64 years,Regional,60 mo,12001,24.00,31.113,0.442,30.249,31.980
Survival Summary Page,Lung and Bronchus,60-64 years,Distant,60 mo,29218,7.00,4.970,0.136,4.708,5.242
Survival Summary Page,Lung and Bronchus,60-64 years,Unknown/unstaged,60 mo,2070,11.00,15.273,0.847,13.656,16.975
Survival Summary Page,Lung and Bronchus,70-74 years,Localized,60 mo,10519,80.00,55.075,0.518,54.054,56.083
Survival Summary Page,Lung and Bronchus,70-74 years,Regional,60 mo,14846,19.00,25.166,0.383,24.418,25.920
Survival Summary Page,Lung and Bronchus,70-74 years,Distant,60 mo,33638,5.00,3.732,0.115,3.510,3.963
Survival Summary Page,Lung and Bronchus,70-74 years,Unknown/unstaged,60 mo,3630,9.00,11.003,0.585,9.889,12.182
Survival Summary Page,Pleura,50-54 years,Blank(s),60 mo,10,18.00,40.000,15.492,12.269,67.020
Survival Summary Page,Pleura,60-64 years,Blank(s),60 mo,23,21.00,34.239,10.399,15.448,54.061
Survival Summary Page,Pleura,70-74 years,Blank(s),60 mo,16,4.00,16.250,10.461,2.629,40.356
Survival Summary Page,"Trachea, Mediastinum and Other Respiratory Organs",50-54 years,Blank(s),60 mo,84,44.00,45.498,5.576,34.358,55.963
Survival Summary Page,"Trachea, Mediastinum and Other Respiratory Organs",60-64 years,Blank(s),60 mo,65,30.00,45.757,6.374,33.002,57.616
Survival Summary Page,"Trachea, Mediastinum and Other Respiratory Organs",70-74 years,Blank(s),60 mo,62,17.00,31.718,6.417,19.752,44.354
Survival Summary Page,Bones and Joints,50-54 years,Blank(s),60 mo,390, ,74.501,2.237,69.802,78.584
Survival Summary Page,Bones and Joints,60-64 years,Blank(s),60 mo,315, ,74.994,2.491,69.712,79.493
Survival Summary Page,Bones and Joints,70-74 years,Blank(s),60 mo,244,86.00,55.377,3.321,48.625,61.605
Survival Summary Page,Soft Tissue including Heart,50-54 years,Localized,60 mo,1054, ,85.159,1.104,82.846,87.184
Survival Summary Page,Soft Tissue including Heart,50-54 years,Regional,60 mo,400, ,67.417,2.380,62.505,71.834
Survival Summary Page,Soft Tissue including Heart,50-54 years,Distant,60 mo,230,12.00,13.852,2.351,9.642,18.815
Survival Summary Page,Soft Tissue including Heart,50-54 years,Unknown/unstaged,60 mo,116, ,63.099,4.592,53.384,71.334
Survival Summary Page,Soft Tissue including Heart,60-64 years,Localized,60 mo,878, ,82.946,1.291,80.242,85.315
Survival Summary Page,Soft Tissue including Heart,60-64 years,Regional,60 mo,393,108.00,59.306,2.557,54.108,64.119
Survival Summary Page,Soft Tissue including Heart,60-64 years,Distant,60 mo,232,8.00,13.304,2.341,9.133,18.267
Survival Summary Page,Soft Tissue including Heart,60-64 years,Unknown/unstaged,60 mo,111,111.00,56.994,4.747,47.158,65.669
Survival Summary Page,Soft Tissue including Heart,70-74 years,Localized,60 mo,786, ,78.644,1.502,75.523,81.417
Survival Summary Page,Soft Tissue including Heart,70-74 years,Regional,60 mo,358,144.00,58.284,2.712,52.771,63.386
Survival Summary Page,Soft Tissue including Heart,70-74 years,Distant,60 mo,218,8.00,8.284,1.956,4.982,12.637
Survival Summary Page,Soft Tissue including Heart,70-74 years,Unknown/unstaged,60 mo,113,36.00,45.159,4.900,35.387,54.424
Survival Summary Page,Skin excluding Basal and Squamous,50-54 years,Localized,60 mo,11783, ,97.321,0.150,97.010,97.600
Survival Summary Page,Skin excluding Basal and Squamous,50-54 years,Regional,60 mo,1135, ,64.414,1.437,61.519,67.152
Survival Summary Page,Skin excluding Basal and Squamous,50-54 years,Distant,60 mo,476,10.00,18.242,1.802,14.859,21.905
Survival Summary Page,Skin excluding Basal and Squamous,50-54 years,Unknown/unstaged,60 mo,486, ,79.421,1.855,75.500,82.787
Survival Summary Page,Skin excluding Basal and Squamous,50-54 years,Blank(s),60 mo,727, ,93.787,0.907,91.741,95.339
Survival Summary Page,Skin excluding Basal and Squamous,60-64 years,Localized,60 mo,10728, ,96.116,0.189,95.727,96.470
Survival Summary Page,Skin excluding Basal and Squamous,60-64 years,Regional,60 mo,1102,159.00,62.505,1.489,59.511,65.346
Survival Summary Page,Skin excluding Basal and Squamous,60-64 years,Distant,60 mo,546,9.00,17.343,1.664,14.221,20.728
Survival Summary Page,Skin excluding Basal and Squamous,60-64 years,Unknown/unstaged,60 mo,467, ,83.662,1.739,79.920,86.766
Survival Summary Page,Skin excluding Basal and Squamous,60-64 years,Blank(s),60 mo,866, ,89.246,1.078,86.927,91.174
Survival Summary Page,Skin excluding Basal and Squamous,70-74 years,Localized,60 mo,8359, ,93.945,0.269,93.395,94.450
Survival Summary Page,Skin excluding Basal and Squamous,70-74 years,Regional,60 mo,909,106.00,57.415,1.711,53.986,60.688
Survival Summary Page,Skin excluding Basal and Squamous,70-74 years,Distant,60 mo,458,10.00,17.309,1.857,13.844,21.102
Survival Summary Page,Skin excluding Basal and Squamous,70-74 years,Unknown/unstaged,60 mo,437, ,76.516,2.093,72.105,80.326
Survival Summary Page,Skin excluding Basal and Squamous,70-74 years,Blank(s),60 mo,1050, ,85.314,1.131,82.940,87.383
Survival Summary Page,Melanoma of the Skin,50-54 years,Localized,60 mo,11783, ,97.321,0.150,97.010,97.600
Survival Summary Page,Melanoma of the Skin,50-54 years,Regional,60 mo,1135, ,64.414,1.437,61.519,67.152
Survival Summary Page,Melanoma of the Skin,50-54 years,Distant,60 mo,476,10.00,18.242,1.802,14.859,21.905
Survival Summary Page,Melanoma of the Skin,50-54 years,Unknown/unstaged,60 mo,486, ,79.421,1.855,75.500,82.787
Survival Summary Page,Melanoma of the Skin,60-64 years,Localized,60 mo,10728, ,96.116,0.189,95.727,96.470
Survival Summary Page,Melanoma of the Skin,60-64 years,Regional,60 mo,1102,159.00,62.505,1.489,59.511,65.346
Survival Summary Page,Melanoma of the Skin,60-64 years,Distant,60 mo,546,9.00,17.343,1.664,14.221,20.728
Survival Summary Page,Melanoma of the Skin,60-64 years,Unknown/unstaged,60 mo,467, ,83.662,1.739,79.920,86.766
Survival Summary Page,Melanoma of the Skin,70-74 years,Localized,60 mo,8359, ,93.945,0.269,93.395,94.450
Survival Summary Page,Melanoma of the Skin,70-74 years,Regional,60 mo,909,106.00,57.415,1.711,53.986,60.688
Survival Summary Page,Melanoma of the Skin,70-74 years,Distant,60 mo,458,10.00,17.309,1.857,13.844,21.102
Survival Summary Page,Melanoma of the Skin,70-74 years,Unknown/unstaged,60 mo,437, ,76.516,2.093,72.105,80.326
Survival Summary Page,Other Non-Epithelial Skin,50-54 years,Blank(s),60 mo,727, ,93.787,0.907,91.741,95.339
Survival Summary Page,Other Non-Epithelial Skin,60-64 years,Blank(s),60 mo,866, ,89.246,1.078,86.927,91.174
Survival Summary Page,Other Non-Epithelial Skin,70-74 years,Blank(s),60 mo,1050, ,85.314,1.131,82.940,87.383
Survival Summary Page,Breast,50-54 years,Localized,60 mo,33027, ,96.734,0.099,96.535,96.921
Survival Summary Page,Breast,50-54 years,Regional,60 mo,20534, ,86.250,0.242,85.767,86.718
Survival Summary Page,Breast,50-54 years,Distant,60 mo,2638,30.00,27.381,0.887,25.655,29.132
Survival Summary Page,Breast,50-54 years,Unknown/unstaged,60 mo,824, ,76.185,1.524,73.039,79.017
Survival Summary Page,Breast,60-64 years,Localized,60 mo,33467, ,97.063,0.093,96.875,97.241
Survival Summary Page,Breast,60-64 years,Regional,60 mo,16521, ,85.982,0.274,85.435,86.510
Survival Summary Page,Breast,60-64 years,Distant,60 mo,2798,29.00,27.492,0.871,25.799,29.209
Survival Summary Page,Breast,60-64 years,Unknown/unstaged,60 mo,781,170.00,71.474,1.662,68.069,74.586
Survival Summary Page,Breast,70-74 years,Localized,60 mo,27218, ,96.131,0.120,95.889,96.359
Survival Summary Page,Breast,70-74 years,Regional,60 mo,11097, ,83.671,0.362,82.947,84.367
Survival Summary Page,Breast,70-74 years,Distant,60 mo,2143,22.00,22.036,0.951,20.200,23.925
Survival Summary Page,Breast,70-74 years,Unknown/unstaged,60 mo,775,111.00,62.866,1.825,59.173,66.324
Survival Summary Page,Female Genital System,50-54 years,Localized,60 mo,10823, ,95.633,0.199,95.226,96.006
Survival Summary Page,Female Genital System,50-54 years,Regional,60 mo,4805, ,75.065,0.637,73.791,76.287
Survival Summary Page,Female Genital System,50-54 years,Distant,60 mo,4142,34.00,32.929,0.745,31.473,34.391
Survival Summary Page,Female Genital System,50-54 years,Unknown/unstaged,60 mo,653, ,73.806,1.774,70.138,77.099
Survival Summary Page,Female Genital System,50-54 years,Blank(s),60 mo,427, ,62.712,2.371,57.874,67.159
Survival Summary Page,Female Genital System,60-64 years,Localized,60 mo,11190, ,94.423,0.220,93.976,94.838
Survival Summary Page,Female Genital System,60-64 years,Regional,60 mo,4637, ,67.830,0.702,66.432,69.184
Survival Summary Page,Female Genital System,60-64 years,Distant,60 mo,5168,27.00,27.559,0.637,26.318,28.813
Survival Summary Page,Female Genital System,60-64 years,Unknown/unstaged,60 mo,702,101.00,55.615,1.978,51.648,59.392
Survival Summary Page,Female Genital System,60-64 years,Blank(s),60 mo,506,126.00,59.539,2.226,55.032,63.750
Survival Summary Page,Female Genital System,70-74 years,Localized,60 mo,6757, ,90.271,0.370,89.520,90.971
Survival Summary Page,Female Genital System,70-74 years,Regional,60 mo,3437,130.00,59.743,0.870,58.016,61.424
Survival Summary Page,Female Genital System,70-74 years,Distant,60 mo,4613,20.00,20.250,0.617,19.055,21.472
Survival Summary Page,Female Genital System,70-74 years,Unknown/unstaged,60 mo,746,46.00,46.350,2.003,42.380,50.220
Survival Summary Page,Female Genital System,70-74 years,Blank(s),60 mo,432,63.00,50.594,2.517,45.559,55.405
Survival Summary Page,Cervix Uteri,50-54 years,Localized,60 mo,1417, ,91.524,0.757,89.911,92.890
Survival Summary Page,Cervix Uteri,50-54 years,Regional,60 mo,1493, ,61.267,1.312,58.640,63.783
Survival Summary Page,Cervix Uteri,50-54 years,Distant,60 mo,484,14.00,19.918,1.896,16.344,23.755
Survival Summary Page,Cervix Uteri,50-54 years,Unknown/unstaged,60 mo,145, ,62.187,4.154,53.486,69.725
Survival Summary Page,Cervix Uteri,60-64 years,Localized,60 mo,763, ,90.560,1.100,88.157,92.496
Survival Summary Page,Cervix Uteri,60-64 years,Regional,60 mo,933, ,61.009,1.665,57.657,64.183
Survival Summary Page,Cervix Uteri,60-64 years,Distant,60 mo,399,11.00,19.441,2.125,15.464,23.764
Survival Summary Page,Cervix Uteri,60-64 years,Unknown/unstaged,60 mo,114,58.00,49.838,4.980,39.751,59.116
Survival Summary Page,Cervix Uteri,70-74 years,Localized,60 mo,411, ,85.702,1.825,81.691,88.894
Survival Summary Page,Cervix Uteri,70-74 years,Regional,60 mo,646,107.00,58.628,2.083,54.425,62.584
Survival Summary Page,Cervix Uteri,70-74 years,Distant,60 mo,221,9.00,10.824,2.288,6.865,15.795
Survival Summary Page,Cervix Uteri,70-74 years,Unknown/unstaged,60 mo,86,73.00,53.430,5.807,41.458,64.006
Survival Summary Page,"Corpus and Uterus, NOS",50-54 years,Localized,60 mo,8016, ,96.731,0.201,96.314,97.102
Survival Summary Page,"Corpus and Uterus, NOS",50-54 years,Regional,60 mo,1988, ,81.393,0.884,79.588,83.057
Survival Summary Page,"Corpus and Uterus, NOS",50-54 years,Distant,60 mo,715,14.00,23.866,1.633,20.736,27.124
Survival Summary Page,"Corpus and Uterus, NOS",50-54 years,Unknown/unstaged,60 mo,284, ,87.607,1.992,83.086,90.985
Survival Summary Page,"Corpus and Uterus, NOS",60-64 years,Localized,60 mo,9426, ,94.836,0.231,94.365,95.269
Survival Summary Page,"Corpus and Uterus, NOS",60-64 years,Regional,60 mo,2631, ,68.563,0.923,66.715,70.333
Survival Summary Page,"Corpus and Uterus, NOS",60-64 years,Distant,60 mo,993,14.00,17.297,1.242,14.938,19.802
Survival Summary Page,"Corpus and Uterus, NOS",60-64 years,Unknown/unstaged,60 mo,347, ,67.069,2.652,61.572,71.964
Survival Summary Page,"Corpus and Uterus, NOS",70-74 years,Localized,60 mo,5547, ,90.985,0.393,90.182,91.725
Survival Summary Page,"Corpus and Uterus, NOS",70-74 years,Regional,60 mo,1942,158.00,59.693,1.149,57.401,61.905
Survival Summary Page,"Corpus and Uterus, NOS",70-74 years,Distant,60 mo,903,12.00,15.078,1.263,12.702,17.645
Survival Summary Page,"Corpus and Uterus, NOS",70-74 years,Unknown/unstaged,60 mo,306,132.00,58.290,3.118,51.920,64.117
Survival Summary Page,Corpus Uteri,50-54 years,Localized,60 mo,7984, ,96.859,0.197,96.448,97.223
Survival Summary Page,Corpus Uteri,50-54 years,Regional,60 mo,1951, ,82.041,0.880,80.241,83.694
Survival Summary Page,Corpus Uteri,50-54 years,Distant,60 mo,616,16.00,26.307,1.815,22.817,29.918
Survival Summary Page,Corpus Uteri,50-54 years,Unknown/unstaged,60 mo,240, ,91.344,1.852,86.898,94.330
Survival Summary Page,Corpus Uteri,60-64 years,Localized,60 mo,9394, ,94.938,0.229,94.469,95.367
Survival Summary Page,Corpus Uteri,60-64 years,Regional,60 mo,2579, ,69.067,0.928,67.208,70.845
Survival Summary Page,Corpus Uteri,60-64 years,Distant,60 mo,877,16.00,17.931,1.344,15.382,20.643
Survival Summary Page,Corpus Uteri,60-64 years,Unknown/unstaged,60 mo,301, ,69.973,2.793,64.112,75.067
Survival Summary Page,Corpus Uteri,70-74 years,Localized,60 mo,5535, ,91.062,0.392,90.261,91.800
Survival Summary Page,Corpus Uteri,70-74 years,Regional,60 mo,1896,179.00,60.377,1.160,58.062,62.607
Survival Summary Page,Corpus Uteri,70-74 years,Distant,60 mo,818,13.00,15.975,1.354,13.425,18.724
Survival Summary Page,Corpus Uteri,70-74 years,Unknown/unstaged,60 mo,263,161.00,62.271,3.314,55.412,68.383
Survival Summary Page,"Uterus, NOS",50-54 years,Localized,60 mo,32,119.00,63.982,8.718,44.393,78.226
Survival Summary Page,"Uterus, NOS",50-54 years,Regional,60 mo,37,50.00,46.465,8.408,29.598,61.721
Survival Summary Page,"Uterus, NOS",50-54 years,Distant,60 mo,99,8.00,8.516,2.878,3.983,15.221
Survival Summary Page,"Uterus, NOS",50-54 years,Unknown/unstaged,60 mo,44, ,67.517,7.137,51.394,79.312
Survival Summary Page,"Uterus, NOS",60-64 years,Localized,60 mo,32, ,65.000,8.528,45.726,78.887
Survival Summary Page,"Uterus, NOS",60-64 years,Regional,60 mo,52,44.00,42.748,7.127,28.698,56.070
Survival Summary Page,"Uterus, NOS",60-64 years,Distant,60 mo,116,7.00,12.401,3.098,7.142,19.188
Survival Summary Page,"Uterus, NOS",60-64 years,Unknown/unstaged,60 mo,46,28.00,47.348,7.604,32.013,61.217
Survival Summary Page,"Uterus, NOS",70-74 years,Localized,60 mo,12,82.00,51.563,15.782,19.427,76.508
Survival Summary Page,"Uterus, NOS",70-74 years,Regional,60 mo,46,17.00,30.619,7.110,17.577,44.677
Survival Summary Page,"Uterus, NOS",70-74 years,Distant,60 mo,85,3.00,5.909,2.841,1.931,13.170
Survival Summary Page,"Uterus, NOS",70-74 years,Unknown/unstaged,60 mo,43,35.00,34.799,7.895,20.018,50.022
Survival Summary Page,Ovary,50-54 years,Localized,60 mo,951, ,92.607,0.857,90.732,94.115
Survival Summary Page,Ovary,50-54 years,Regional,60 mo,1139, ,80.575,1.184,78.130,82.778
Survival Summary Page,Ovary,50-54 years,Distant,60 mo,2913,41.00,37.241,0.910,35.457,39.024
Survival Summary Page,Ovary,50-54 years,Unknown/unstaged,60 mo,194,106.00,59.064,3.721,51.390,65.936
Survival Summary Page,Ovary,60-64 years,Localized,60 mo,596, ,92.973,1.059,90.577,94.777
Survival Summary Page,Ovary,60-64 years,Regional,60 mo,889, ,73.363,1.503,70.284,76.179
Survival Summary Page,Ovary,60-64 years,Distant,60 mo,3737,34.00,31.243,0.772,29.736,32.761
Survival Summary Page,Ovary,60-64 years,Unknown/unstaged,60 mo,214,31.00,36.413,3.498,29.604,43.238
Survival Summary Page,Ovary,70-74 years,Localized,60 mo,398, ,88.071,1.672,84.346,90.957
Survival Summary Page,Ovary,70-74 years,Regional,60 mo,630,126.00,62.897,1.964,58.913,66.610
Survival Summary Page,Ovary,70-74 years,Distant,60 mo,3458,24.00,22.050,0.730,20.635,23.497
Survival Summary Page,Ovary,70-74 years,Unknown/unstaged,60 mo,320,22.00,30.093,2.842,24.634,35.725
Survival Summary Page,Vagina,50-54 years,Blank(s),60 mo,181,133.00,57.133,3.728,49.486,64.054
Survival Summary Page,Vagina,60-64 years,Blank(s),60 mo,207,171.00,57.323,3.519,50.117,63.874
Survival Summary Page,Vagina,70-74 years,Blank(s),60 mo,196,73.00,52.609,3.806,44.890,59.748
Survival Summary Page,Vulva,50-54 years,Localized,60 mo,439, ,95.046,1.054,92.501,96.742
Survival Summary Page,Vulva,50-54 years,Regional,60 mo,185, ,79.359,3.030,72.649,84.597
Survival Summary Page,Vulva,50-54 years,Distant,60 mo,30,19.00,33.333,8.607,17.528,50.003
Survival Summary Page,Vulva,50-54 years,Unknown/unstaged,60 mo,30, ,89.143,5.922,69.988,96.366
Survival Summary Page,Vulva,60-64 years,Localized,60 mo,405, ,93.871,1.213,90.992,95.850
Survival Summary Page,Vulva,60-64 years,Regional,60 mo,184,156.00,63.848,3.660,56.196,70.519
Survival Summary Page,Vulva,60-64 years,Distant,60 mo,39,10.00,15.810,6.296,5.984,29.875
Survival Summary Page,Vulva,60-64 years,Unknown/unstaged,60 mo,27, ,80.420,7.864,59.149,91.354
Survival Summary Page,Vulva,70-74 years,Localized,60 mo,401, ,86.887,1.751,83.014,89.931
Survival Summary Page,Vulva,70-74 years,Regional,60 mo,219,71.00,54.284,3.561,47.046,60.958
Survival Summary Page,Vulva,70-74 years,Distant,60 mo,31,16.00,32.527,8.880,16.389,49.785
Survival Summary Page,Vulva,70-74 years,Unknown/unstaged,60 mo,34, ,71.576,8.046,52.400,84.110
Survival Summary Page,Other Female Genital Organs,50-54 years,Blank(s),60 mo,246, ,66.772,3.043,60.420,72.343
Survival Summary Page,Other Female Genital Organs,60-64 years,Blank(s),60 mo,299,122.00,61.112,2.867,55.235,66.459
Survival Summary Page,Other Female Genital Organs,70-74 years,Blank(s),60 mo,236,58.00,49.151,3.342,42.450,55.501
Survival Summary Page,Male Genital System,50-54 years,Localized,60 mo,29060, ,99.088,0.056,98.971,99.192
Survival Summary Page,Male Genital System,50-54 years,Regional,60 mo,6841, ,97.291,0.198,96.874,97.653
Survival Summary Page,Male Genital System,50-54 years,Distant,60 mo,1104,37.00,37.901,1.511,34.939,40.855
Survival Summary Page,Male Genital System,50-54 years,Unknown/unstaged,60 mo,614, ,88.696,1.302,85.859,90.993
Survival Summary Page,Male Genital System,50-54 years,Blank(s),60 mo,279, ,81.842,2.375,76.632,85.998
Survival Summary Page,Male Genital System,60-64 years,Localized,60 mo,71022, ,98.616,0.045,98.526,98.701
Survival Summary Page,Male Genital System,60-64 years,Regional,60 mo,13999, ,96.887,0.148,96.582,97.165
Survival Summary Page,Male Genital System,60-64 years,Distant,60 mo,2550,36.00,35.651,0.996,33.701,37.604
Survival Summary Page,Male Genital System,60-64 years,Unknown/unstaged,60 mo,1843, ,89.359,0.734,87.825,90.711
Survival Summary Page,Male Genital System,60-64 years,Blank(s),60 mo,378, ,79.450,2.136,74.882,83.281
Survival Summary Page,Male Genital System,70-74 years,Localized,60 mo,73250, ,97.157,0.063,97.030,97.278
Survival Summary Page,Male Genital System,70-74 years,Regional,60 mo,7115, ,93.675,0.295,93.070,94.230
Survival Summary Page,Male Genital System,70-74 years,Distant,60 mo,3132,36.00,34.612,0.918,32.815,36.414
Survival Summary Page,Male Genital System,70-74 years,Unknown/unstaged,60 mo,3105, ,86.444,0.650,85.115,87.664
Survival Summary Page,Male Genital System,70-74 years,Blank(s),60 mo,350, ,75.656,2.398,70.570,79.989
Survival Summary Page,Prostate,50-54 years,Localized,60 mo,28298, ,99.100,0.057,98.981,99.204
Survival Summary Page,Prostate,50-54 years,Regional,60 mo,6648, ,97.321,0.200,96.900,97.686
Survival Summary Page,Prostate,50-54 years,Distant,60 mo,1007,34.00,33.885,1.545,30.870,36.920
Survival Summary Page,Prostate,50-54 years,Unknown/unstaged,60 mo,592, ,89.126,1.305,86.269,91.419
Survival Summary Page,Prostate,60-64 years,Localized,60 mo,70867, ,98.620,0.045,98.530,98.705
Survival Summary Page,Prostate,60-64 years,Regional,60 mo,13961, ,96.886,0.149,96.580,97.164
Survival Summary Page,Prostate,60-64 years,Distant,60 mo,2525,36.00,35.608,1.001,33.649,37.570
Survival Summary Page,Prostate,60-64 years,Unknown/unstaged,60 mo,1831, ,89.467,0.733,87.934,90.815
Survival Summary Page,Prostate,70-74 years,Localized,60 mo,73198, ,97.162,0.063,97.035,97.284
Survival Summary Page,Prostate,70-74 years,Regional,60 mo,7110, ,93.671,0.296,93.065,94.226
Survival Summary Page,Prostate,70-74 years,Distant,60 mo,3123,36.00,34.607,0.920,32.808,36.412
Survival Summary Page,Prostate,70-74 years,Unknown/unstaged,60 mo,3099, ,86.454,0.650,85.124,87.674
Survival Summary Page,Testis,50-54 years,Localized,60 mo,762, ,98.672,0.417,97.545,99.283
Survival Summary Page,Testis,50-54 years,Regional,60 mo,193, ,96.240,1.395,92.273,98.190
Survival Summary Page,Testis,50-54 years,Distant,60 mo,97, ,79.935,4.122,70.350,86.708
Survival Summary Page,Testis,50-54 years,Unknown/unstaged,60 mo,22, ,77.273,8.935,53.743,89.848
Survival Summary Page,Testis,60-64 years,Localized,60 mo,155, ,96.650,1.473,92.137,98.593
Survival Summary Page,Testis,60-64 years,Regional,60 mo,38, ,97.368,2.597,82.751,99.625
Survival Summary Page,Testis,60-64 years,Distant,60 mo,25,16.00,41.438,10.236,21.733,60.140
Survival Summary Page,Testis,60-64 years,Unknown/unstaged,60 mo,12, ,72.727,13.428,37.079,90.283
Survival Summary Page,Testis,70-74 years,Localized,60 mo,52, ,90.056,4.225,77.724,95.741
Survival Summary Page,Testis,70-74 years,Regional,60 mo,5, ,100.000,0.000, , 
Survival Summary Page,Testis,70-74 years,Distant,60 mo,9,5.00,33.333,15.713,7.829,62.263
Survival Summary Page,Testis,70-74 years,Unknown/unstaged,60 mo,6, ,80.000,17.889,20.381,96.918
Survival Summary Page,Penis,50-54 years,Blank(s),60 mo,210, ,78.876,2.902,72.501,83.937
Survival Summary Page,Penis,60-64 years,Blank(s),60 mo,299, ,77.020,2.511,71.641,81.513
Survival Summary Page,Penis,70-74 years,Blank(s),60 mo,275, ,72.125,2.857,66.074,77.285
Survival Summary Page,Other Male Genital Organs,50-54 years,Blank(s),60 mo,69, ,90.857,3.559,80.770,95.786
Survival Summary Page,Other Male Genital Organs,60-64 years,Blank(s),60 mo,79, ,88.416,3.633,78.914,93.800
Survival Summary Page,Other Male Genital Organs,70-74 years,Blank(s),60 mo,75, ,87.741,3.832,77.753,93.429
Survival Summary Page,Urinary System,50-54 years,In situ,60 mo,3971, ,98.760,0.178,98.358,99.064
Survival Summary Page,Urinary System,50-54 years,Localized,60 mo,8496, ,93.266,0.276,92.702,93.787
Survival Summary Page,Urinary System,50-54 years,Regional,60 mo,2036,148.00,61.366,1.095,59.181,63.472
Survival Summary Page,Urinary System,50-54 years,Distant,60 mo,1788,9.00,12.414,0.810,10.880,14.053
Survival Summary Page,Urinary System,50-54 years,Unknown/unstaged,60 mo,370, ,70.269,2.456,65.153,74.783
Survival Summary Page,Urinary System,50-54 years,Blank(s),60 mo,191, ,58.677,3.672,51.117,65.472
Survival Summary Page,Urinary System,60-64 years,In situ,60 mo,7285, ,97.674,0.180,97.293,98.002
Survival Summary Page,Urinary System,60-64 years,Localized,60 mo,11757, ,89.391,0.291,88.806,89.947
Survival Summary Page,Urinary System,60-64 years,Regional,60 mo,3068,114.00,58.739,0.912,56.928,60.502
Survival Summary Page,Urinary System,60-64 years,Distant,60 mo,2583,8.00,10.360,0.629,9.169,11.634
Survival Summary Page,Urinary System,60-64 years,Unknown/unstaged,60 mo,578, ,69.346,1.999,65.235,73.074
Survival Summary Page,Urinary System,60-64 years,Blank(s),60 mo,382, ,62.455,2.579,57.177,67.276
Survival Summary Page,Urinary System,70-74 years,In situ,60 mo,9362, ,94.916,0.238,94.429,95.362
Survival Summary Page,Urinary System,70-74 years,Localized,60 mo,12140, ,83.559,0.352,82.856,84.236
Survival Summary Page,Urinary System,70-74 years,Regional,60 mo,3317,70.00,51.503,0.913,49.698,53.277
Survival Summary Page,Urinary System,70-74 years,Distant,60 mo,2415,7.00,8.690,0.627,7.513,9.969
Survival Summary Page,Urinary System,70-74 years,Unknown/unstaged,60 mo,833,122.00,59.946,1.841,56.236,63.449
Survival Summary Page,Urinary System,70-74 years,Blank(s),60 mo,558,99.00,55.117,2.222,50.650,59.351
Survival Summary Page,Urinary Bladder,50-54 years,In situ,60 mo,3971, ,98.760,0.178,98.358,99.064
Survival Summary Page,Urinary Bladder,50-54 years,Localized,60 mo,2165, ,85.966,0.760,84.403,87.384
Survival Summary Page,Urinary Bladder,50-54 years,Regional,60 mo,576,34.00,42.116,2.098,37.980,46.189
Survival Summary Page,Urinary Bladder,50-54 years,Distant,60 mo,281,10.00,8.691,1.809,5.575,12.655
Survival Summary Page,Urinary Bladder,50-54 years,Unknown/unstaged,60 mo,180, ,77.627,3.210,70.555,83.202
Survival Summary Page,Urinary Bladder,60-64 years,In situ,60 mo,7285, ,97.674,0.180,97.293,98.002
Survival Summary Page,Urinary Bladder,60-64 years,Localized,60 mo,4566, ,83.189,0.567,82.044,84.269
Survival Summary Page,Urinary Bladder,60-64 years,Regional,60 mo,1078,38.00,42.579,1.561,39.504,45.618
Survival Summary Page,Urinary Bladder,60-64 years,Distant,60 mo,512,8.00,7.848,1.245,5.639,10.515
Survival Summary Page,Urinary Bladder,60-64 years,Unknown/unstaged,60 mo,305, ,77.406,2.473,72.104,81.828
Survival Summary Page,Urinary Bladder,70-74 years,In situ,60 mo,9362, ,94.916,0.238,94.429,95.362
Survival Summary Page,Urinary Bladder,70-74 years,Localized,60 mo,6464, ,76.739,0.554,75.631,77.804
Survival Summary Page,Urinary Bladder,70-74 years,Regional,60 mo,1375,28.00,36.841,1.389,34.120,39.561
Survival Summary Page,Urinary Bladder,70-74 years,Distant,60 mo,659,6.00,7.399,1.162,5.336,9.892
Survival Summary Page,Urinary Bladder,70-74 years,Unknown/unstaged,60 mo,468,172.00,68.700,2.312,63.921,72.983
Survival Summary Page,Kidney and Renal Pelvis,50-54 years,Localized,60 mo,6331, ,95.751,0.258,95.215,96.229
Survival Summary Page,Kidney and Renal Pelvis,50-54 years,Regional,60 mo,1460, ,68.879,1.228,66.402,71.216
Survival Summary Page,Kidney and Renal Pelvis,50-54 years,Distant,60 mo,1507,9.00,13.065,0.897,11.369,14.882
Survival Summary Page,Kidney and Renal Pelvis,50-54 years,Unknown/unstaged,60 mo,190,154.00,63.156,3.625,55.598,69.783
Survival Summary Page,Kidney and Renal Pelvis,60-64 years,Localized,60 mo,7191, ,93.307,0.302,92.688,93.875
Survival Summary Page,Kidney and Renal Pelvis,60-64 years,Regional,60 mo,1990,166.00,67.294,1.075,65.137,69.351
Survival Summary Page,Kidney and Renal Pelvis,60-64 years,Distant,60 mo,2071,8.00,10.960,0.720,9.599,12.421
Survival Summary Page,Kidney and Renal Pelvis,60-64 years,Unknown/unstaged,60 mo,273,114.00,60.062,3.129,53.641,65.885
Survival Summary Page,Kidney and Renal Pelvis,70-74 years,Localized,60 mo,5676, ,91.112,0.393,90.309,91.852
Survival Summary Page,Kidney and Renal Pelvis,70-74 years,Regional,60 mo,1942,116.00,61.522,1.154,59.217,63.739
Survival Summary Page,Kidney and Renal Pelvis,70-74 years,Distant,60 mo,1756,7.00,9.196,0.744,7.805,10.721
Survival Summary Page,Kidney and Renal Pelvis,70-74 years,Unknown/unstaged,60 mo,365,45.00,48.406,2.871,42.672,53.895
Survival Summary Page,Ureter,50-54 years,Blank(s),60 mo,89, ,63.181,5.184,52.113,72.363
Survival Summary Page,Ureter,60-64 years,Blank(s),60 mo,240, ,64.941,3.196,58.289,70.804
Survival Summary Page,Ureter,70-74 years,Blank(s),60 mo,399,99.00,54.933,2.635,49.616,59.928
Survival Summary Page,Other Urinary Organs,50-54 years,Blank(s),60 mo,102,87.00,54.524,5.162,43.884,63.976
Survival Summary Page,Other Urinary Organs,60-64 years,Blank(s),60 mo,142, ,58.107,4.339,49.121,66.061
Survival Summary Page,Other Urinary Organs,70-74 years,Blank(s),60 mo,159,99.00,55.910,4.097,47.505,63.497
Survival Summary Page,Eye and Orbit,50-54 years,Blank(s),60 mo,510, ,82.349,1.709,78.706,85.427
Survival Summary Page,Eye and Orbit,60-64 years,Blank(s),60 mo,537, ,82.578,1.681,78.994,85.606
Survival Summary Page,Eye and Orbit,70-74 years,Blank(s),60 mo,471, ,77.331,1.990,73.139,80.955
Survival Summary Page,Brain and Other Nervous System,50-54 years,Localized,60 mo,2899,21.00,29.476,0.867,27.785,31.184
Survival Summary Page,Brain and Other Nervous System,50-54 years,Regional,60 mo,710,11.00,19.835,1.554,16.884,22.965
Survival Summary Page,Brain and Other Nervous System,50-54 years,Distant,60 mo,49,14.00,25.627,6.548,13.990,38.964
Survival Summary Page,Brain and Other Nervous System,50-54 years,Unknown/unstaged,60 mo,220,34.00,40.241,3.453,33.452,46.921
Survival Summary Page,Brain and Other Nervous System,60-64 years,Localized,60 mo,3002,13.00,15.402,0.686,14.085,16.773
Survival Summary Page,Brain and Other Nervous System,60-64 years,Regional,60 mo,731,7.00,8.451,1.095,6.467,10.758
Survival Summary Page,Brain and Other Nervous System,60-64 years,Distant,60 mo,65,6.00,12.232,4.164,5.578,21.664
Survival Summary Page,Brain and Other Nervous System,60-64 years,Unknown/unstaged,60 mo,226,12.00,21.761,2.855,16.445,27.571
Survival Summary Page,Brain and Other Nervous System,70-74 years,Localized,60 mo,2534,7.00,6.803,0.535,5.804,7.903
Survival Summary Page,Brain and Other Nervous System,70-74 years,Regional,60 mo,629,4.00,4.406,0.919,2.846,6.464
Survival Summary Page,Brain and Other Nervous System,70-74 years,Distant,60 mo,61,4.00,12.276,4.466,5.251,22.469
Survival Summary Page,Brain and Other Nervous System,70-74 years,Unknown/unstaged,60 mo,278,5.00,16.242,2.356,11.940,21.133
Survival Summary Page,Brain,50-54 years,Localized,60 mo,2730,19.00,25.466,0.856,23.805,27.157
Survival Summary Page,Brain,50-54 years,Regional,60 mo,680,11.00,16.957,1.502,14.129,20.007
Survival Summary Page,Brain,50-54 years,Distant,60 mo,37,12.00,19.820,7.054,8.287,34.930
Survival Summary Page,Brain,50-54 years,Unknown/unstaged,60 mo,189,24.00,30.112,3.526,23.383,37.108
Survival Summary Page,Brain,60-64 years,Localized,60 mo,2870,12.00,12.186,0.639,10.968,13.471
Survival Summary Page,Brain,60-64 years,Regional,60 mo,699,6.00,5.569,0.927,3.943,7.581
Survival Summary Page,Brain,60-64 years,Distant,60 mo,52,6.00,3.956,2.741,0.732,11.987
Survival Summary Page,Brain,60-64 years,Unknown/unstaged,60 mo,197,8.00,13.743,2.567,9.193,19.200
Survival Summary Page,Brain,70-74 years,Localized,60 mo,2443,7.00,4.384,0.448,3.564,5.323
Survival Summary Page,Brain,70-74 years,Regional,60 mo,608,4.00,1.721,0.610,0.807,3.258
Survival Summary Page,Brain,70-74 years,Distant,60 mo,43,3.00,0.000,0.000, , 
Survival Summary Page,Brain,70-74 years,Unknown/unstaged,60 mo,250,4.00,9.622,2.015,6.144,14.021
Survival Summary Page,Cranial Nerves Other Nervous System,50-54 years,Localized,60 mo,169, ,93.262,1.963,88.161,96.212
Survival Summary Page,Cranial Nerves Other Nervous System,50-54 years,Regional,60 mo,30, ,80.000,7.303,60.804,90.476
Survival Summary Page,Cranial Nerves Other Nervous System,50-54 years,Distant,60 mo,12,31.00,41.667,14.232,15.247,66.530
Survival Summary Page,Cranial Nerves Other Nervous System,50-54 years,Unknown/unstaged,60 mo,31, ,96.667,3.277,78.608,99.524
Survival Summary Page,Cranial Nerves Other Nervous System,60-64 years,Localized,60 mo,132, ,82.743,3.351,74.974,88.286
Survival Summary Page,Cranial Nerves Other Nervous System,60-64 years,Regional,60 mo,32,134.00,69.689,8.505,49.641,83.010
Survival Summary Page,Cranial Nerves Other Nervous System,60-64 years,Distant,60 mo,13,53.00,44.872,14.138,17.697,69.017
Survival Summary Page,Cranial Nerves Other Nervous System,60-64 years,Unknown/unstaged,60 mo,29, ,74.629,8.305,53.977,87.033
Survival Summary Page,Cranial Nerves Other Nervous System,70-74 years,Localized,60 mo,91, ,71.219,4.989,60.131,79.734
Survival Summary Page,Cranial Nerves Other Nervous System,70-74 years,Regional,60 mo,21,155.00,75.062,9.706,49.958,88.819
Survival Summary Page,Cranial Nerves Other Nervous System,70-74 years,Distant,60 mo,18,38.00,39.844,12.186,17.115,61.897
Survival Summary Page,Cranial Nerves Other Nervous System,70-74 years,Unknown/unstaged,60 mo,28, ,73.082,8.754,51.531,86.215
Survival Summary Page,Endocrine System,50-54 years,Localized,60 mo,6227, ,99.870,0.046,99.740,99.935
Survival Summary Page,Endocrine System,50-54 years,Regional,60 mo,1874, ,97.775,0.344,96.990,98.357
Survival Summary Page,Endocrine System,50-54 years,Distant,60 mo,273,123.00,60.900,2.986,54.773,66.460
Survival Summary Page,Endocrine System,50-54 years,Unknown/unstaged,60 mo,145, ,97.136,1.412,92.548,98.916
Survival Summary Page,Endocrine System,50-54 years,Blank(s),60 mo,457, ,65.978,2.273,61.313,70.222
Survival Summary Page,Endocrine System,60-64 years,Localized,60 mo,3667, ,99.386,0.130,99.069,99.595
Survival Summary Page,Endocrine System,60-64 years,Regional,60 mo,1076, ,93.216,0.778,91.515,94.586
Survival Summary Page,Endocrine System,60-64 years,Distant,60 mo,300,58.00,49.458,2.960,43.531,55.103
Survival Summary Page,Endocrine System,60-64 years,Unknown/unstaged,60 mo,118, ,95.435,1.995,89.377,98.075
Survival Summary Page,Endocrine System,60-64 years,Blank(s),60 mo,438, ,62.460,2.387,57.589,66.938
Survival Summary Page,Endocrine System,70-74 years,Localized,60 mo,1930, ,98.215,0.308,97.497,98.728
Survival Summary Page,Endocrine System,70-74 years,Regional,60 mo,639, ,85.294,1.425,82.247,87.856
Survival Summary Page,Endocrine System,70-74 years,Distant,60 mo,371,34.00,41.524,2.664,36.273,46.685
Survival Summary Page,Endocrine System,70-74 years,Unknown/unstaged,60 mo,94, ,82.645,4.093,72.820,89.176
Survival Summary Page,Endocrine System,70-74 years,Blank(s),60 mo,323,121.00,61.658,2.883,55.740,67.027
Survival Summary Page,Thyroid,50-54 years,Localized,60 mo,6227, ,99.870,0.046,99.740,99.935
Survival Summary Page,Thyroid,50-54 years,Regional,60 mo,1874, ,97.775,0.344,96.990,98.357
Survival Summary Page,Thyroid,50-54 years,Distant,60 mo,273,123.00,60.900,2.986,54.773,66.460
Survival Summary Page,Thyroid,50-54 years,Unknown/unstaged,60 mo,145, ,97.136,1.412,92.548,98.916
Survival Summary Page,Thyroid,60-64 years,Localized,60 mo,3667, ,99.386,0.130,99.069,99.595
Survival Summary Page,Thyroid,60-64 years,Regional,60 mo,1076, ,93.216,0.778,91.515,94.586
Survival Summary Page,Thyroid,60-64 years,Distant,60 mo,300,58.00,49.458,2.960,43.531,55.103
Survival Summary Page,Thyroid,60-64 years,Unknown/unstaged,60 mo,118, ,95.435,1.995,89.377,98.075
Survival Summary Page,Thyroid,70-74 years,Localized,60 mo,1930, ,98.215,0.308,97.497,98.728
Survival Summary Page,Thyroid,70-74 years,Regional,60 mo,639, ,85.294,1.425,82.247,87.856
Survival Summary Page,Thyroid,70-74 years,Distant,60 mo,371,34.00,41.524,2.664,36.273,46.685
Survival Summary Page,Thyroid,70-74 years,Unknown/unstaged,60 mo,94, ,82.645,4.093,72.820,89.176
Survival Summary Page,Other Endocrine including Thymus,50-54 years,Blank(s),60 mo,457, ,65.978,2.273,61.313,70.222
Survival Summary Page,Other Endocrine including Thymus,60-64 years,Blank(s),60 mo,438, ,62.460,2.387,57.589,66.938
Survival Summary Page,Other Endocrine including Thymus,70-74 years,Blank(s),60 mo,323,121.00,61.658,2.883,55.740,67.027
Survival Summary Page,Lymphoma,50-54 years,Localized,60 mo,3511, ,89.738,0.518,88.674,90.706
Survival Summary Page,Lymphoma,50-54 years,Regional,60 mo,1987, ,83.377,0.847,81.642,84.964
Survival Summary Page,Lymphoma,50-54 years,Distant,60 mo,5901, ,72.544,0.591,71.367,73.682
Survival Summary Page,Lymphoma,50-54 years,Unknown/unstaged,60 mo,933, ,84.075,1.219,81.520,86.308
Survival Summary Page,Lymphoma,60-64 years,Localized,60 mo,3845, ,85.055,0.584,83.870,86.160
Survival Summary Page,Lymphoma,60-64 years,Regional,60 mo,2124, ,80.282,0.878,78.494,81.939
Survival Summary Page,Lymphoma,60-64 years,Distant,60 mo,7213, ,67.136,0.566,66.013,68.231
Survival Summary Page,Lymphoma,60-64 years,Unknown/unstaged,60 mo,1073, ,80.517,1.243,77.945,82.823
Survival Summary Page,Lymphoma,70-74 years,Localized,60 mo,4029, ,78.615,0.666,77.275,79.886
Survival Summary Page,Lymphoma,70-74 years,Regional,60 mo,2234, ,67.759,1.026,65.702,69.723
Survival Summary Page,Lymphoma,70-74 years,Distant,60 mo,7224,104.00,58.147,0.604,56.953,59.322
Survival Summary Page,Lymphoma,70-74 years,Unknown/unstaged,60 mo,1273,172.00,70.794,1.327,68.101,73.305
Survival Summary Page,Hodgkin Lymphoma,50-54 years,Localized,60 mo,271, ,91.699,1.696,87.664,94.455
Survival Summary Page,Hodgkin Lymphoma,50-54 years,Regional,60 mo,368, ,91.924,1.439,88.584,94.318
Survival Summary Page,Hodgkin Lymphoma,50-54 years,Distant,60 mo,482, ,77.665,1.945,73.569,81.209
Survival Summary Page,Hodgkin Lymphoma,50-54 years,Unknown/unstaged,60 mo,74, ,84.257,4.365,73.354,90.965
Survival Summary Page,Hodgkin Lymphoma,60-64 years,Localized,60 mo,175, ,88.060,2.510,82.093,92.133
Survival Summary Page,Hodgkin Lymphoma,60-64 years,Regional,60 mo,229, ,84.973,2.416,79.510,89.079
Survival Summary Page,Hodgkin Lymphoma,60-64 years,Distant,60 mo,387, ,71.221,2.381,66.254,75.594
Survival Summary Page,Hodgkin Lymphoma,60-64 years,Unknown/unstaged,60 mo,47, ,86.398,5.176,72.153,93.661
Survival Summary Page,Hodgkin Lymphoma,70-74 years,Localized,60 mo,158, ,73.768,3.631,65.852,80.126
Survival Summary Page,Hodgkin Lymphoma,70-74 years,Regional,60 mo,154,149.00,61.952,4.082,53.417,69.376
Survival Summary Page,Hodgkin Lymphoma,70-74 years,Distant,60 mo,340,88.00,55.486,2.926,49.557,61.003
Survival Summary Page,Hodgkin Lymphoma,70-74 years,Unknown/unstaged,60 mo,38, ,71.637,7.632,53.591,83.664
Survival Summary Page,Hodgkin - Nodal,50-54 years,Localized,60 mo,263, ,91.454,1.743,87.308,94.289
Survival Summary Page,Hodgkin - Nodal,50-54 years,Regional,60 mo,352, ,91.855,1.476,88.419,94.305
Survival Summary Page,Hodgkin - Nodal,50-54 years,Distant,60 mo,468, ,78.374,1.949,74.257,81.914
Survival Summary Page,Hodgkin - Nodal,50-54 years,Unknown/unstaged,60 mo,72, ,83.791,4.482,72.620,90.687
Survival Summary Page,Hodgkin - Nodal,60-64 years,Localized,60 mo,171, ,88.355,2.516,82.339,92.416
Survival Summary Page,Hodgkin - Nodal,60-64 years,Regional,60 mo,222, ,85.913,2.388,80.463,89.937
Survival Summary Page,Hodgkin - Nodal,60-64 years,Distant,60 mo,381, ,71.012,2.407,65.992,75.432
Survival Summary Page,Hodgkin - Nodal,60-64 years,Unknown/unstaged,60 mo,45, ,85.885,5.351,71.212,93.408
Survival Summary Page,Hodgkin - Nodal,70-74 years,Localized,60 mo,148, ,73.398,3.772,65.160,79.987
Survival Summary Page,Hodgkin - Nodal,70-74 years,Regional,60 mo,153,149.00,61.681,4.103,53.108,69.147
Survival Summary Page,Hodgkin - Nodal,70-74 years,Distant,60 mo,332,98.00,55.735,2.959,49.736,61.309
Survival Summary Page,Hodgkin - Nodal,70-74 years,Unknown/unstaged,60 mo,37, ,70.800,7.814,52.411,83.146
Survival Summary Page,Hodgkin - Extranodal,50-54 years,Localized,60 mo,8, ,100.000,0.000, , 
Survival Summary Page,Hodgkin - Extranodal,50-54 years,Regional,60 mo,16, ,93.333,6.441,61.264,99.033
Survival Summary Page,Hodgkin - Extranodal,50-54 years,Distant,60 mo,14, ,52.083,14.709,21.784,75.638
Survival Summary Page,Hodgkin - Extranodal,50-54 years,Unknown/unstaged,60 mo,2, ,100.000,0.000, , 
Survival Summary Page,Hodgkin - Extranodal,60-64 years,Localized,60 mo,4, ,75.000,21.651,12.795,96.055
Survival Summary Page,Hodgkin - Extranodal,60-64 years,Regional,60 mo,7, ,57.143,18.704,17.187,83.708
Survival Summary Page,Hodgkin - Extranodal,60-64 years,Distant,60 mo,6, ,83.333,15.215,27.312,97.471
Survival Summary Page,Hodgkin - Extranodal,60-64 years,Unknown/unstaged,60 mo,2, ,100.000,0.000, , 
Survival Summary Page,Hodgkin - Extranodal,70-74 years,Localized,60 mo,10, ,78.750,13.403,38.088,94.259
Survival Summary Page,Hodgkin - Extranodal,70-74 years,Regional,60 mo,1, ,100.000,0.000, , 
Survival Summary Page,Hodgkin - Extranodal,70-74 years,Distant,60 mo,8,17.00,46.875,18.652,11.993,76.286
Survival Summary Page,Hodgkin - Extranodal,70-74 years,Unknown/unstaged,60 mo,1,108.00,100.000,0.000, , 
Survival Summary Page,Non-Hodgkin Lymphoma,50-54 years,Localized,60 mo,3240, ,89.573,0.543,88.457,90.587
Survival Summary Page,Non-Hodgkin Lymphoma,50-54 years,Regional,60 mo,1619, ,81.420,0.981,79.409,83.256
Survival Summary Page,Non-Hodgkin Lymphoma,50-54 years,Distant,60 mo,5419, ,72.099,0.619,70.865,73.291
Survival Summary Page,Non-Hodgkin Lymphoma,50-54 years,Unknown/unstaged,60 mo,859, ,84.058,1.269,81.390,86.377
Survival Summary Page,Non-Hodgkin Lymphoma,60-64 years,Localized,60 mo,3670, ,84.914,0.599,83.696,86.048
Survival Summary Page,Non-Hodgkin Lymphoma,60-64 years,Regional,60 mo,1895, ,79.720,0.939,77.806,81.490
Survival Summary Page,Non-Hodgkin Lymphoma,60-64 years,Distant,60 mo,6826, ,66.911,0.582,65.756,68.038
Survival Summary Page,Non-Hodgkin Lymphoma,60-64 years,Unknown/unstaged,60 mo,1026, ,80.262,1.276,77.618,82.628
Survival Summary Page,Non-Hodgkin Lymphoma,70-74 years,Localized,60 mo,3871, ,78.811,0.677,77.448,80.102
Survival Summary Page,Non-Hodgkin Lymphoma,70-74 years,Regional,60 mo,2080, ,68.193,1.059,66.067,70.218
Survival Summary Page,Non-Hodgkin Lymphoma,70-74 years,Distant,60 mo,6884,105.00,58.286,0.618,57.065,59.486
Survival Summary Page,Non-Hodgkin Lymphoma,70-74 years,Unknown/unstaged,60 mo,1235,169.00,70.764,1.348,68.028,73.313
Survival Summary Page,NHL - Nodal,50-54 years,Localized,60 mo,1324, ,91.901,0.758,90.278,93.264
Survival Summary Page,NHL - Nodal,50-54 years,Regional,60 mo,1086, ,83.636,1.139,81.262,85.736
Survival Summary Page,NHL - Nodal,50-54 years,Distant,60 mo,4661, ,72.877,0.661,71.557,74.148
Survival Summary Page,NHL - Nodal,50-54 years,Unknown/unstaged,60 mo,585, ,81.148,1.645,77.674,84.137
Survival Summary Page,NHL - Nodal,60-64 years,Localized,60 mo,1507, ,87.467,0.863,85.667,89.056
Survival Summary Page,NHL - Nodal,60-64 years,Regional,60 mo,1297, ,79.864,1.131,77.539,81.976
Survival Summary Page,NHL - Nodal,60-64 years,Distant,60 mo,5844, ,67.410,0.626,66.166,68.620
Survival Summary Page,NHL - Nodal,60-64 years,Unknown/unstaged,60 mo,712, ,77.966,1.599,74.637,80.915
Survival Summary Page,NHL - Nodal,70-74 years,Localized,60 mo,1573, ,81.059,1.023,78.959,82.972
Survival Summary Page,NHL - Nodal,70-74 years,Regional,60 mo,1414,176.00,68.393,1.285,65.799,70.836
Survival Summary Page,NHL - Nodal,70-74 years,Distant,60 mo,5759,103.00,58.355,0.675,57.019,59.665
Survival Summary Page,NHL - Nodal,70-74 years,Unknown/unstaged,60 mo,881,146.00,67.416,1.653,64.056,70.536
Survival Summary Page,NHL - Extranodal,50-54 years,Localized,60 mo,1916, ,87.957,0.752,86.398,89.350
Survival Summary Page,NHL - Extranodal,50-54 years,Regional,60 mo,533, ,76.899,1.851,73.025,80.293
Survival Summary Page,NHL - Extranodal,50-54 years,Distant,60 mo,758, ,67.293,1.737,63.757,70.567
Survival Summary Page,NHL - Extranodal,50-54 years,Unknown/unstaged,60 mo,274, ,90.269,1.815,86.034,93.270
Survival Summary Page,NHL - Extranodal,60-64 years,Localized,60 mo,2163, ,83.117,0.819,81.442,84.656
Survival Summary Page,NHL - Extranodal,60-64 years,Regional,60 mo,598, ,79.408,1.685,75.869,82.488
Survival Summary Page,NHL - Extranodal,60-64 years,Distant,60 mo,982, ,63.917,1.573,60.743,66.908
Survival Summary Page,NHL - Extranodal,60-64 years,Unknown/unstaged,60 mo,314, ,85.411,2.036,80.892,88.935
Survival Summary Page,NHL - Extranodal,70-74 years,Localized,60 mo,2298, ,77.278,0.899,75.458,78.982
Survival Summary Page,NHL - Extranodal,70-74 years,Regional,60 mo,666, ,67.753,1.870,63.932,71.263
Survival Summary Page,NHL - Extranodal,70-74 years,Distant,60 mo,1125,121.00,57.948,1.527,54.893,60.874
Survival Summary Page,NHL - Extranodal,70-74 years,Unknown/unstaged,60 mo,354, ,78.950,2.228,74.180,82.940
Survival Summary Page,Myeloma,50-54 years,Localized,60 mo,223, ,84.678,2.458,79.124,88.857
Survival Summary Page,Myeloma,50-54 years,Distant,60 mo,3007,94.00,62.064,0.916,60.241,63.830
Survival Summary Page,Myeloma,50-54 years,Unknown/unstaged,60 mo,4, ,100.000,0.000, , 
Survival Summary Page,Myeloma,60-64 years,Localized,60 mo,232,175.00,73.457,3.027,66.979,78.866
Survival Summary Page,Myeloma,60-64 years,Distant,60 mo,4539,71.00,54.516,0.775,52.983,56.022
Survival Summary Page,Myeloma,60-64 years,Unknown/unstaged,60 mo,4,125.00,66.667,27.217,5.407,94.521
Survival Summary Page,Myeloma,70-74 years,Localized,60 mo,212,118.00,64.449,3.483,57.175,70.809
Survival Summary Page,Myeloma,70-74 years,Distant,60 mo,5204,46.00,41.235,0.744,39.774,42.690
Survival Summary Page,Myeloma,70-74 years,Unknown/unstaged,60 mo,1, , , , , 
Survival Summary Page,Leukemia,50-54 years,Blank(s),60 mo,5531, ,67.933,0.637,66.665,69.164
Survival Summary Page,Leukemia,60-64 years,Blank(s),60 mo,7687,179.00,65.315,0.555,64.216,66.390
Survival Summary Page,Leukemia,70-74 years,Blank(s),60 mo,8852,80.00,53.669,0.552,52.581,54.743
Survival Summary Page,Lymphocytic Leukemia,50-54 years,Blank(s),60 mo,2807, ,83.321,0.712,81.872,84.665
Survival Summary Page,Lymphocytic Leukemia,60-64 years,Blank(s),60 mo,4442, ,84.634,0.552,83.516,85.682
Survival Summary Page,Lymphocytic Leukemia,70-74 years,Blank(s),60 mo,4697, ,79.522,0.612,78.291,80.691
Survival Summary Page,Acute Lymphocytic Leukemia,50-54 years,Blank(s),60 mo,387,17.00,28.168,2.394,23.574,32.927
Survival Summary Page,Acute Lymphocytic Leukemia,60-64 years,Blank(s),60 mo,290,13.00,20.704,2.516,16.009,25.826
Survival Summary Page,Acute Lymphocytic Leukemia,70-74 years,Blank(s),60 mo,253,7.00,10.634,2.057,7.035,15.073
Survival Summary Page,Chronic Lymphocytic Leukemia,50-54 years,Blank(s),60 mo,2073, ,92.277,0.594,91.025,93.362
Survival Summary Page,Chronic Lymphocytic Leukemia,60-64 years,Blank(s),60 mo,3872, ,89.227,0.510,88.183,90.184
Survival Summary Page,Chronic Lymphocytic Leukemia,70-74 years,Blank(s),60 mo,4215, ,83.680,0.595,82.476,84.808
Survival Summary Page,Other Lymphocytic Leukemia,50-54 years,Blank(s),60 mo,347, ,88.339,1.734,84.444,91.310
Survival Summary Page,Other Lymphocytic Leukemia,60-64 years,Blank(s),60 mo,280, ,83.898,2.226,78.970,87.761
Survival Summary Page,Other Lymphocytic Leukemia,70-74 years,Blank(s),60 mo,229, ,76.503,2.918,70.183,81.660
Survival Summary Page,Myeloid and Monocytic Leukemia,50-54 years,Blank(s),60 mo,2522,78.00,51.891,1.016,49.879,53.862
Survival Summary Page,Myeloid and Monocytic Leukemia,60-64 years,Blank(s),60 mo,2960,20.00,37.412,0.920,35.609,39.213
Survival Summary Page,Myeloid and Monocytic Leukemia,70-74 years,Blank(s),60 mo,3757,8.00,21.741,0.724,20.339,23.176
Survival Summary Page,Acute Myeloid Leukemia,50-54 years,Blank(s),60 mo,1462,18.00,35.829,1.294,33.296,38.366
Survival Summary Page,Acute Myeloid Leukemia,60-64 years,Blank(s),60 mo,1833,11.00,22.011,1.007,20.068,24.014
Survival Summary Page,Acute Myeloid Leukemia,70-74 years,Blank(s),60 mo,2438,5.00,8.893,0.628,7.712,10.173
Survival Summary Page,Acute Monocytic Leukemia,50-54 years,Blank(s),60 mo,154,15.00,29.999,3.763,22.839,37.469
Survival Summary Page,Acute Monocytic Leukemia,60-64 years,Blank(s),60 mo,147,10.00,22.350,3.511,15.880,29.522
Survival Summary Page,Acute Monocytic Leukemia,70-74 years,Blank(s),60 mo,155,2.00,4.201,1.675,1.731,8.398
Survival Summary Page,Chronic Myeloid Leukemia,50-54 years,Blank(s),60 mo,852, ,82.012,1.336,79.220,84.467
Survival Summary Page,Chronic Myeloid Leukemia,60-64 years,Blank(s),60 mo,899, ,70.693,1.570,67.490,73.645
Survival Summary Page,Chronic Myeloid Leukemia,70-74 years,Blank(s),60 mo,1054,77.00,53.540,1.657,50.237,56.725
Survival Summary Page,Other Myeloid/Monocytic Leukemia,50-54 years,Blank(s),60 mo,54, ,61.230,6.814,46.525,73.017
Survival Summary Page,Other Myeloid/Monocytic Leukemia,60-64 years,Blank(s),60 mo,81,21.00,38.824,5.684,27.767,49.727
Survival Summary Page,Other Myeloid/Monocytic Leukemia,70-74 years,Blank(s),60 mo,110,10.00,22.725,4.310,14.894,31.569
Survival Summary Page,Other Leukemia,50-54 years,Blank(s),60 mo,202,64.00,50.027,3.645,42.690,56.918
Survival Summary Page,Other Leukemia,60-64 years,Blank(s),60 mo,285,39.00,45.844,3.100,39.677,51.788
Survival Summary Page,Other Leukemia,70-74 years,Blank(s),60 mo,398,9.00,33.281,2.558,28.319,38.312
Survival Summary Page,Other Acute Leukemia,50-54 years,Blank(s),60 mo,77,12.00,30.951,5.654,20.362,42.139
Survival Summary Page,Other Acute Leukemia,60-64 years,Blank(s),60 mo,106,7.00,25.442,4.521,17.112,34.603
Survival Summary Page,Other Acute Leukemia,70-74 years,Blank(s),60 mo,168,2.00,13.536,2.952,8.404,19.889
Survival Summary Page,"Aleukemic, Subleukemic and NOS",50-54 years,Blank(s),60 mo,125,142.00,61.032,4.465,51.676,69.120
Survival Summary Page,"Aleukemic, Subleukemic and NOS",60-64 years,Blank(s),60 mo,179, ,57.718,3.874,49.748,64.881
Survival Summary Page,"Aleukemic, Subleukemic and NOS",70-74 years,Blank(s),60 mo,230,47.00,47.010,3.560,39.898,53.792
Survival Summary Page,Mesothelioma,50-54 years,Blank(s),60 mo,318,16.00,16.990,2.219,12.900,21.563
Survival Summary Page,Mesothelioma,60-64 years,Blank(s),60 mo,643,12.00,9.019,1.198,6.852,11.543
Survival Summary Page,Mesothelioma,70-74 years,Blank(s),60 mo,1009,10.00,7.990,0.930,6.293,9.938
Survival Summary Page,Kaposi Sarcoma,50-54 years,Blank(s),60 mo,303, ,68.725,2.712,63.069,73.699
Survival Summary Page,Kaposi Sarcoma,60-64 years,Blank(s),60 mo,131, ,84.975,3.185,77.442,90.150
Survival Summary Page,Kaposi Sarcoma,70-74 years,Blank(s),60 mo,144, ,91.774,2.387,85.604,95.370
Survival Summary Page,Miscellaneous,50-54 years,Blank(s),60 mo,6497,80.00,51.408,0.640,50.146,52.655
Survival Summary Page,Miscellaneous,60-64 years,Blank(s),60 mo,9646,31.00,45.074,0.530,44.032,46.110
Survival Summary Page,Miscellaneous,70-74 years,Blank(s),60 mo,12935,21.00,39.066,0.463,38.157,39.973
